名前,ウマ娘順,サイゲURL,wikiURL,,,,,,,,,,,,,,,,,,,,,,,,,,,,,,,,,,,,,,,,
スペシャルウィーク,1,https://umamusume.jp/character/specialweek,https://ja.wikipedia.org/wiki/スペシャルウィーク,,,,,,,,,,,,,,,,,,,,,,,,,,,,,,,,,,,,,,,,
サイレンススズカ,2,https://umamusume.jp/character/silencesuzuka,https://ja.wikipedia.org/wiki/サイレンススズカ,,,,,,,,,,,,,,,,,,,,,,,,,,,,,,,,,,,,,,,,
トウカイテイオー,3,https://umamusume.jp/character/tokaiteio,https://ja.wikipedia.org/wiki/トウカイテイオー,,,,,,,,,,,,,,,,,,,,,,,,,,,,,,,,,,,,,,,,
マルゼンスキー,4,https://umamusume.jp/character/maruzensky,https://ja.wikipedia.org/wiki/マルゼンスキー,,,,,,,,,,,,,,,,,,,,,,,,,,,,,,,,,,,,,,,,
フジキセキ,5,https://umamusume.jp/character/fujikiseki,https://ja.wikipedia.org/wiki/フジキセキ,,,,,,,,,,,,,,,,,,,,,,,,,,,,,,,,,,,,,,,,
オグリキャップ,6,https://umamusume.jp/character/oguricap,https://ja.wikipedia.org/wiki/オグリキャップ,,,,,,,,,,,,,,,,,,,,,,,,,,,,,,,,,,,,,,,,
ゴールドシップ,7,https://umamusume.jp/character/goldship,https://ja.wikipedia.org/wiki/ゴールドシップ,,,,,,,,,,,,,,,,,,,,,,,,,,,,,,,,,,,,,,,,
ウオッカ,8,https://umamusume.jp/character/vodka,https://ja.wikipedia.org/wiki/ウオッカ,,,,,,,,,,,,,,,,,,,,,,,,,,,,,,,,,,,,,,,,
ダイワスカーレット,9,https://umamusume.jp/character/daiwascarlet,https://ja.wikipedia.org/wiki/ダイワスカーレット,,,,,,,,,,,,,,,,,,,,,,,,,,,,,,,,,,,,,,,,
タイキシャトル,10,https://umamusume.jp/character/taikishuttle,https://ja.wikipedia.org/wiki/タイキシャトル,,,,,,,,,,,,,,,,,,,,,,,,,,,,,,,,,,,,,,,,
グラスワンダー,11,https://umamusume.jp/character/grasswonder,https://ja.wikipedia.org/wiki/グラスワンダー,,,,,,,,,,,,,,,,,,,,,,,,,,,,,,,,,,,,,,,,
ヒシアマゾン,12,https://umamusume.jp/character/hishiamazon,https://ja.wikipedia.org/wiki/ヒシアマゾン,,,,,,,,,,,,,,,,,,,,,,,,,,,,,,,,,,,,,,,,
メジロマックイーン,13,https://umamusume.jp/character/mejiromcqueen,https://ja.wikipedia.org/wiki/メジロマックイーン,,,,,,,,,,,,,,,,,,,,,,,,,,,,,,,,,,,,,,,,
エルコンドルパサー,14,"https://umamusume.jp/character/elcondorpasa""",,,,,,,,,,,,,,,,,,,,,,,,,,,,,,,,,,,,,,,14,https://umamusume.jp/character/elcondorpasa,https://ja.wikipedia.org/wiki/エルコンドルパサー
テイエムオペラオー,15,"https://umamusume.jp/character/tmoperao""",,,,,,,,,,,,,,,,,,,,,,,,,,,,,,,,,,,,,,,15,https://umamusume.jp/character/tmoperao,https://ja.wikipedia.org/wiki/テイエムオペラオー
ナリタブライアン,16,"https://umamusume.jp/character/naritabrian""",,,,,,,,,,,,,,,,,,,,,,,,,,,,,,,,,,,,,,,16,https://umamusume.jp/character/naritabrian,https://ja.wikipedia.org/wiki/ナリタブライアン
シンボリルドルフ,17,"https://umamusume.jp/character/symbolirudolf""",,,,,,,,,,,,,,,,,,,,,,,,,,,,,,,,,,,,,,,17,https://umamusume.jp/character/symbolirudolf,https://ja.wikipedia.org/wiki/シンボリルドルフ
エアグルーヴ,18,"https://umamusume.jp/character/airgroove""",,,,,,,,,,,,,,,,,,,,,,,,,,,,,,,,,,,,,,,18,https://umamusume.jp/character/airgroove,https://ja.wikipedia.org/wiki/エアグルーヴ
アグネスデジタル,19,"https://umamusume.jp/character/agnesdigital""",,,,,,,,,,,,,,,,,,,,,,,,,,,,,,,,,,,,,,,19,https://umamusume.jp/character/agnesdigital,https://ja.wikipedia.org/wiki/アグネスデジタル
タマモクロス,20,"https://umamusume.jp/character/tamamocross""",,,,,,,,,,,,,,,,,,,,,,,,,,,,,,,,,,,,,,,20,https://umamusume.jp/character/tamamocross,https://ja.wikipedia.org/wiki/タマモクロス
セイウンスカイ,21,"https://umamusume.jp/character/seiunsky""",,,,,,,,,,,,,,,,,,,,,,,,,,,,,,,,,,,,,,,21,https://umamusume.jp/character/seiunsky,https://ja.wikipedia.org/wiki/セイウンスカイ
ファインモーション,22,https://umamusume.jp/character/finemotion,,,,,,,,,,,,,,,,,,,,,,,,,,,,,,,,,,,,,,,22,https://umamusume.jp/character/finemotion,https://ja.wikipedia.org/wiki/ファインモーション
ビワハヤヒデ,23,https://umamusume.jp/character/biwahayahide,,,,,,,,,,,,,,,,,,,,,,,,,,,,,,,,,,,,,,,23,https://umamusume.jp/character/biwahayahide,https://ja.wikipedia.org/wiki/ビワハヤヒデ
マヤノトップガン,24,https://umamusume.jp/character/mayanotopgun,,,,,,,,,,,,,,,,,,,,,,,,,,,,,,,,,,,,,,,24,https://umamusume.jp/character/mayanotopgun,https://ja.wikipedia.org/wiki/マヤノトップガン
マンハッタンカフェ,25,https://umamusume.jp/character/manhattancafe,,,,,,,,,,,,,,,,,,,,,,,,,,,,,,,,,,,,,,,25,https://umamusume.jp/character/manhattancafe,https://ja.wikipedia.org/wiki/マンハッタンカフェ
ミホノブルボン,26,https://umamusume.jp/character/mihonobourbon,,,,,,,,,,,,,,,,,,,,,,,,,,,,,,,,,,,,,,,26,https://umamusume.jp/character/mihonobourbon,https://ja.wikipedia.org/wiki/ミホノブルボン
メジロライアン,27,https://umamusume.jp/character/mejiroryan,,,,,,,,,,,,,,,,,,,,,,,,,,,,,,,,,,,,,,,27,https://umamusume.jp/character/mejiroryan,https://ja.wikipedia.org/wiki/メジロライアン
ヒシアケボノ,28,https://umamusume.jp/character/hishiakebono,,,,,,,,,,,,,,,,,,,,,,,,,,,,,,,,,,,,,,,28,https://umamusume.jp/character/hishiakebono,https://ja.wikipedia.org/wiki/ヒシアケボノ
ユキノビジン,29,https://umamusume.jp/character/yukinobijin,,,,,,,,,,,,,,,,,,,,,,,,,,,,,,,,,,,,,,,29,https://umamusume.jp/character/yukinobijin,https://ja.wikipedia.org/wiki/ユキノビジン
ライスシャワー,30,https://umamusume.jp/character/riceshower,,,,,,,,,,,,,,,,,,,,,,,,,,,,,,,,,,,,,,,30,https://umamusume.jp/character/riceshower,https://ja.wikipedia.org/wiki/ライスシャワー
アイネスフウジン,31,https://umamusume.jp/character/inesfujin,,,,,,,,,,,,,,,,,,,,,,,,,,,,,,,,,,,,,,,31,https://umamusume.jp/character/inesfujin,https://ja.wikipedia.org/wiki/アイネスフウジン
アグネスタキオン,32,https://umamusume.jp/character/agnestachyon,,,,,,,,,,,,,,,,,,,,,,,,,,,,,,,,,,,,,,,32,https://umamusume.jp/character/agnestachyon,https://ja.wikipedia.org/wiki/アグネスタキオン
アドマイヤベガ,33,https://umamusume.jp/character/admirevega,,,,,,,,,,,,,,,,,,,,,,,,,,,,,,,,,,,,,,,33,https://umamusume.jp/character/admirevega,https://ja.wikipedia.org/wiki/アドマイヤベガ
イナリワン,34,https://umamusume.jp/character/inarione,,,,,,,,,,,,,,,,,,,,,,,,,,,,,,,,,,,,,,,34,https://umamusume.jp/character/inarione,https://ja.wikipedia.org/wiki/イナリワン
ウイニングチケット,35,https://umamusume.jp/character/winningticket,,,,,,,,,,,,,,,,,,,,,,,,,,,,,,,,,,,,,,,35,https://umamusume.jp/character/winningticket,https://ja.wikipedia.org/wiki/ウイニングチケット
エアシャカール,36,https://umamusume.jp/character/airshakur,,,,,,,,,,,,,,,,,,,,,,,,,,,,,,,,,,,,,,,36,https://umamusume.jp/character/airshakur,https://ja.wikipedia.org/wiki/エアシャカール
エイシンフラッシュ,37,https://umamusume.jp/character/eishinflash,,,,,,,,,,,,,,,,,,,,,,,,,,,,,,,,,,,,,,,37,https://umamusume.jp/character/eishinflash,https://ja.wikipedia.org/wiki/エイシンフラッシュ
カレンチャン,38,https://umamusume.jp/character/currenchan,,,,,,,,,,,,,,,,,,,,,,,,,,,,,,,,,,,,,,,38,https://umamusume.jp/character/currenchan,https://ja.wikipedia.org/wiki/カレンチャン
カワカミプリンセス,39,https://umamusume.jp/character/kawakamiprincess,,,,,,,,,,,,,,,,,,,,,,,,,,,,,,,,,,,,,,,39,https://umamusume.jp/character/kawakamiprincess,https://ja.wikipedia.org/wiki/カワカミプリンセス
ゴールドシチー,40,https://umamusume.jp/character/goldcity,,,,,,,,,,,,,,,,,,,,,,,,,,,,,,,,,,,,,,,40,https://umamusume.jp/character/goldcity,https://ja.wikipedia.org/wiki/ゴールドシチー
サクラバクシンオー,41,https://umamusume.jp/character/sakurabakushino,,,,,,,,,,,,,,,,,,,,,,,,,,,,,,,,,,,,,,,41,https://umamusume.jp/character/sakurabakushino,https://ja.wikipedia.org/wiki/サクラバクシンオー
シーキングザパール,42,https://umamusume.jp/character/seekingthepearl,,,,,,,,,,,,,,,,,,,,,,,,,,,,,,,,,,,,,,,42,https://umamusume.jp/character/seekingthepearl,https://ja.wikipedia.org/wiki/シーキングザパール
シンコウウインディ,43,https://umamusume.jp/character/shinkowindy,,,,,,,,,,,,,,,,,,,,,,,,,,,,,,,,,,,,,,,43,https://umamusume.jp/character/shinkowindy,https://ja.wikipedia.org/wiki/シンコウウインディ
スイープトウショウ,44,https://umamusume.jp/character/sweeptosho,,,,,,,,,,,,,,,,,,,,,,,,,,,,,,,,,,,,,,,44,https://umamusume.jp/character/sweeptosho,https://ja.wikipedia.org/wiki/スイープトウショウ
スーパークリーク,45,https://umamusume.jp/character/supercreek,,,,,,,,,,,,,,,,,,,,,,,,,,,,,,,,,,,,,,,45,https://umamusume.jp/character/supercreek,https://ja.wikipedia.org/wiki/スーパークリーク
スマートファルコン,46,https://umamusume.jp/character/smartfalcon,,,,,,,,,,,,,,,,,,,,,,,,,,,,,,,,,,,,,,,46,https://umamusume.jp/character/smartfalcon,https://ja.wikipedia.org/wiki/スマートファルコン
ゼンノロブロイ,47,https://umamusume.jp/character/zennorobroy,,,,,,,,,,,,,,,,,,,,,,,,,,,,,,,,,,,,,,,47,https://umamusume.jp/character/zennorobroy,https://ja.wikipedia.org/wiki/ゼンノロブロイ
ナカヤマフェスタ,48,https://umamusume.jp/character/nakayamafesta,,,,,,,,,,,,,,,,,,,,,,,,,,,,,,,,,,,,,,,48,https://umamusume.jp/character/nakayamafesta,https://ja.wikipedia.org/wiki/ナカヤマフェスタ
トーセンジョーダン,49,https://umamusume.jp/character/tosenjordan,,,,,,,,,,,,,,,,,,,,,,,,,,,,,,,,,,,,,,,49,https://umamusume.jp/character/tosenjordan,https://ja.wikipedia.org/wiki/トーセンジョーダン
ナリタタイシン,50,https://umamusume.jp/character/naritataishin,,,,,,,,,,,,,,,,,,,,,,,,,,,,,,,,,,,,,,,50,https://umamusume.jp/character/naritataishin,https://ja.wikipedia.org/wiki/ナリタタイシン
ニシノフラワー,51,https://umamusume.jp/character/nishinoflower,,,,,,,,,,,,,,,,,,,,,,,,,,,,,,,,,,,,,,,51,https://umamusume.jp/character/nishinoflower,https://ja.wikipedia.org/wiki/ニシノフラワー
ハルウララ,52,https://umamusume.jp/character/haruurara,,,,,,,,,,,,,,,,,,,,,,,,,,,,,,,,,,,,,,,52,https://umamusume.jp/character/haruurara,https://ja.wikipedia.org/wiki/ハルウララ
バンブーメモリー,53,https://umamusume.jp/character/bamboomemory,,,,,,,,,,,,,,,,,,,,,,,,,,,,,,,,,,,,,,,53,https://umamusume.jp/character/bamboomemory,https://ja.wikipedia.org/wiki/バンブーメモリー
ビコーペガサス,54,https://umamusume.jp/character/bikopegasus,,,,,,,,,,,,,,,,,,,,,,,,,,,,,,,,,,,,,,,54,https://umamusume.jp/character/bikopegasus,https://ja.wikipedia.org/wiki/ビコーペガサス
マーベラスサンデー,55,https://umamusume.jp/character/marveloussunday,,,,,,,,,,,,,,,,,,,,,,,,,,,,,,,,,,,,,,,55,https://umamusume.jp/character/marveloussunday,https://ja.wikipedia.org/wiki/マーベラスサンデー
マチカネフクキタル,56,https://umamusume.jp/character/matikanefukukitaru,,,,,,,,,,,,,,,,,,,,,,,,,,,,,,,,,,,,,,,56,https://umamusume.jp/character/matikanefukukitaru,https://ja.wikipedia.org/wiki/マチカネフクキタル
ミスターシービー,57,https://umamusume.jp/character/mrcb,,,,,,,,,,,,,,,,,,,,,,,,,,,,,,,,,,,,,,,57,https://umamusume.jp/character/mrcb,https://ja.wikipedia.org/wiki/ミスターシービー
メイショウドトウ,58,https://umamusume.jp/character/meishodoto,,,,,,,,,,,,,,,,,,,,,,,,,,,,,,,,,,,,,,,58,https://umamusume.jp/character/meishodoto,https://ja.wikipedia.org/wiki/メイショウドトウ
メジロドーベル,59,https://umamusume.jp/character/mejirodober,,,,,,,,,,,,,,,,,,,,,,,,,,,,,,,,,,,,,,,59,https://umamusume.jp/character/mejirodober,https://ja.wikipedia.org/wiki/メジロドーベル
ナイスネイチャ,60,https://umamusume.jp/character/nicenature,,,,,,,,,,,,,,,,,,,,,,,,,,,,,,,,,,,,,,,60,https://umamusume.jp/character/nicenature,https://ja.wikipedia.org/wiki/ナイスネイチャ
キングヘイロー,61,https://umamusume.jp/character/kinghalo,,,,,,,,,,,,,,,,,,,,,,,,,,,,,,,,,,,,,,,61,https://umamusume.jp/character/kinghalo,https://ja.wikipedia.org/wiki/キングヘイロー
マチカネタンホイザ,62,https://umamusume.jp/character/matikanetannhauser,,,,,,,,,,,,,,,,,,,,,,,,,,,,,,,,,,,,,,,62,https://umamusume.jp/character/matikanetannhauser,https://ja.wikipedia.org/wiki/マチカネタンホイザ
イクノディクタス,63,https://umamusume.jp/character/ikunodictus,,,,,,,,,,,,,,,,,,,,,,,,,,,,,,,,,,,,,,,63,https://umamusume.jp/character/ikunodictus,https://ja.wikipedia.org/wiki/イクノディクタス
メジロパーマー,64,https://umamusume.jp/character/mejiropalmer,,,,,,,,,,,,,,,,,,,,,,,,,,,,,,,,,,,,,,,64,https://umamusume.jp/character/mejiropalmer,https://ja.wikipedia.org/wiki/メジロパーマー
ダイタクヘリオス,65,https://umamusume.jp/character/daitakuhelios,,,,,,,,,,,,,,,,,,,,,,,,,,,,,,,,,,,,,,,65,https://umamusume.jp/character/daitakuhelios,https://ja.wikipedia.org/wiki/ダイタクヘリオス
ツインターボ,66,https://umamusume.jp/character/twinturbo,,,,,,,,,,,,,,,,,,,,,,,,,,,,,,,,,,,,,,,66,https://umamusume.jp/character/twinturbo,https://ja.wikipedia.org/wiki/ツインターボ
サトノダイヤモンド,67,https://umamusume.jp/character/satonodiamond,,,,,,,,,,,,,,,,,,,,,,,,,,,,,,,,,,,,,,,67,https://umamusume.jp/character/satonodiamond,https://ja.wikipedia.org/wiki/サトノダイヤモンド
キタサンブラック,68,https://umamusume.jp/character/kitasanblack,,,,,,,,,,,,,,,,,,,,,,,,,,,,,,,,,,,,,,,68,https://umamusume.jp/character/kitasanblack,https://ja.wikipedia.org/wiki/キタサンブラック
メジロアルダン,69,https://umamusume.jp/character/mejiroardan,,,,,,,,,,,,,,,,,,,,,,,,,,,,,,,,,,,,,,,69,https://umamusume.jp/character/mejiroardan,https://ja.wikipedia.org/wiki/メジロアルダン
サクラチヨノオー,70,https://umamusume.jp/character/sakurachiyonoo,,,,,,,,,,,,,,,,,,,,,,,,,,,,,,,,,,,,,,,70,https://umamusume.jp/character/sakurachiyonoo,https://ja.wikipedia.org/wiki/サクラチヨノオー
シリウスシンボリ,71,https://umamusume.jp/character/siriussymboli,,,,,,,,,,,,,,,,,,,,,,,,,,,,,,,,,,,,,,,71,https://umamusume.jp/character/siriussymboli,https://ja.wikipedia.org/wiki/シリウスシンボリ
ヤエノムテキ,72,https://umamusume.jp/character/yaenomuteki,,,,,,,,,,,,,,,,,,,,,,,,,,,,,,,,,,,,,,,72,https://umamusume.jp/character/yaenomuteki,https://ja.wikipedia.org/wiki/ヤエノムテキ
メジロブライト,73,https://umamusume.jp/character/mejirobright,,,,,,,,,,,,,,,,,,,,,,,,,,,,,,,,,,,,,,,73,https://umamusume.jp/character/mejirobright,https://ja.wikipedia.org/wiki/メジロブライト
ナリタトップロード,74,https://umamusume.jp/character/naritatoproad,,,,,,,,,,,,,,,,,,,,,,,,,,,,,,,,,,,,,,,74,https://umamusume.jp/character/naritatoproad,https://ja.wikipedia.org/wiki/ナリタトップロード
ヤマニンゼファー,75,https://umamusume.jp/character/yamaninzephyr,,,,,,,,,,,,,,,,,,,,,,,,,,,,,,,,,,,,,,,75,https://umamusume.jp/character/yamaninzephyr,https://ja.wikipedia.org/wiki/ヤマニンゼファー
アストンマーチャン,76,https://umamusume.jp/character/astonmachan,,,,,,,,,,,,,,,,,,,,,,,,,,,,,,,,,,,,,,,76,https://umamusume.jp/character/astonmachan,https://ja.wikipedia.org/wiki/アストンマーチャン
サトノクラウン,77,https://umamusume.jp/character/satonocrown,,,,,,,,,,,,,,,,,,,,,,,,,,,,,,,,,,,,,,,77,https://umamusume.jp/character/satonocrown,https://ja.wikipedia.org/wiki/サトノクラウン
シュヴァルグラン,78,https://umamusume.jp/character/chevalgrand,,,,,,,,,,,,,,,,,,,,,,,,,,,,,,,,,,,,,,,78,https://umamusume.jp/character/chevalgrand,https://ja.wikipedia.org/wiki/シュヴァルグラン
サクラローレル,79,https://umamusume.jp/character/sakuralaurel,,,,,,,,,,,,,,,,,,,,,,,,,,,,,,,,,,,,,,,79,https://umamusume.jp/character/sakuralaurel,https://ja.wikipedia.org/wiki/サクラローレル
ツルマルツヨシ,80,https://umamusume.jp/character/tsurumarutsuyoshi,,,,,,,,,,,,,,,,,,,,,,,,,,,,,,,,,,,,,,,80,https://umamusume.jp/character/tsurumarutsuyoshi,https://ja.wikipedia.org/wiki/ツルマルツヨシ
コパノリッキー,81,https://umamusume.jp/character/copanorickey,,,,,,,,,,,,,,,,,,,,,,,,,,,,,,,,,,,,,,,81,https://umamusume.jp/character/copanorickey,https://ja.wikipedia.org/wiki/コパノリッキー
シンボリクリスエス,82,https://umamusume.jp/character/symbolikriss,,,,,,,,,,,,,,,,,,,,,,,,,,,,,,,,,,,,,,,82,https://umamusume.jp/character/symbolikriss,https://ja.wikipedia.org/wiki/シンボリクリスエス
タニノギムレット,83,https://umamusume.jp/character/taninogimlet,,,,,,,,,,,,,,,,,,,,,,,,,,,,,,,,,,,,,,,83,https://umamusume.jp/character/taninogimlet,https://ja.wikipedia.org/wiki/タニノギムレット
デアリングタクト,84,https://umamusume.jp/character/daringtact,,,,,,,,,,,,,,,,,,,,,,,,,,,,,,,,,,,,,,,84,https://umamusume.jp/character/daringtact,https://ja.wikipedia.org/wiki/デアリングタクト
ホッコータルマエ,85,https://umamusume.jp/character/hokkotarumae,,,,,,,,,,,,,,,,,,,,,,,,,,,,,,,,,,,,,,,85,https://umamusume.jp/character/hokkotarumae,https://ja.wikipedia.org/wiki/ホッコータルマエ
ワンダーアキュート,86,https://umamusume.jp/character/wonderacute,,,,,,,,,,,,,,,,,,,,,,,,,,,,,,,,,,,,,,,86,https://umamusume.jp/character/wonderacute,https://ja.wikipedia.org/wiki/ワンダーアキュート
ダイイチルビー,87,https://umamusume.jp/character/daiichiruby,,,,,,,,,,,,,,,,,,,,,,,,,,,,,,,,,,,,,,,87,https://umamusume.jp/character/daiichiruby,https://ja.wikipedia.org/wiki/ダイイチルビー
ケイエスミラクル,88,https://umamusume.jp/character/ksmiracle,,,,,,,,,,,,,,,,,,,,,,,,,,,,,,,,,,,,,,,88,https://umamusume.jp/character/ksmiracle,https://ja.wikipedia.org/wiki/ケイエスミラクル
メジロラモーヌ,89,https://umamusume.jp/character/mejiroramonu,,,,,,,,,,,,,,,,,,,,,,,,,,,,,,,,,,,,,,,89,https://umamusume.jp/character/mejiroramonu,https://ja.wikipedia.org/wiki/メジロラモーヌ
ジャングルポケット,90,https://umamusume.jp/character/junglepocket,,,,,,,,,,,,,,,,,,,,,,,,,,,,,,,,,,,,,,,90,https://umamusume.jp/character/junglepocket,https://ja.wikipedia.org/wiki/ジャングルポケット
カツラギエース,91,https://umamusume.jp/character/katsuragiace,,,,,,,,,,,,,,,,,,,,,,,,,,,,,,,,,,,,,,,91,https://umamusume.jp/character/katsuragiace,https://ja.wikipedia.org/wiki/カツラギエース
ネオユニヴァース,92,https://umamusume.jp/character/neouniverse,,,,,,,,,,,,,,,,,,,,,,,,,,,,,,,,,,,,,,,92,https://umamusume.jp/character/neouniverse,https://ja.wikipedia.org/wiki/ネオユニヴァース
ヒシミラクル,93,https://umamusume.jp/character/hishimiracle,,,,,,,,,,,,,,,,,,,,,,,,,,,,,,,,,,,,,,,93,https://umamusume.jp/character/hishimiracle,https://ja.wikipedia.org/wiki/ヒシミラクル
タップダンスシチー,94,https://umamusume.jp/character/tapdancecity,,,,,,,,,,,,,,,,,,,,,,,,,,,,,,,,,,,,,,,94,https://umamusume.jp/character/tapdancecity,https://ja.wikipedia.org/wiki/タップダンスシチー
サウンズオブアース,95,https://umamusume.jp/character/soundsofearth,,,,,,,,,,,,,,,,,,,,,,,,,,,,,,,,,,,,,,,95,https://umamusume.jp/character/soundsofearth,https://ja.wikipedia.org/wiki/サウンズオブアース
ノースフライト,96,https://umamusume.jp/character/northflight,,,,,,,,,,,,,,,,,,,,,,,,,,,,,,,,,,,,,,,96,https://umamusume.jp/character/northflight,https://ja.wikipedia.org/wiki/ノースフライト
ドゥラメンテ,97,https://umamusume.jp/character/duramente,,,,,,,,,,,,,,,,,,,,,,,,,,,,,,,,,,,,,,,97,https://umamusume.jp/character/duramente,https://ja.wikipedia.org/wiki/ドゥラメンテ
ヴィルシーナ,98,https://umamusume.jp/character/verxina,,,,,,,,,,,,,,,,,,,,,,,,,,,,,,,,,,,,,,,98,https://umamusume.jp/character/verxina,https://ja.wikipedia.org/wiki/ヴィルシーナ
ヴィブロス,99,https://umamusume.jp/character/vivlos,,,,,,,,,,,,,,,,,,,,,,,,,,,,,,,,,,,,,,,99,https://umamusume.jp/character/vivlos,https://ja.wikipedia.org/wiki/ヴィブロス
サムソンビッグ,100,https://umamusume.jp/character/samsonbig,,,,,,,,,,,,,,,,,,,,,,,,,,,,,,,,,,,,,,,100,https://umamusume.jp/character/samsonbig,https://ja.wikipedia.org/wiki/サムソンビッグ
ロイスアンドロイス,101,https://umamusume.jp/character/royceandroyce,,,,,,,,,,,,,,,,,,,,,,,,,,,,,,,,,,,,,,,101,https://umamusume.jp/character/royceandroyce,https://ja.wikipedia.org/wiki/ロイスアンドロイス
シーザリオ,102,https://umamusume.jp/character/cesario,,,,,,,,,,,,,,,,,,,,,,,,,,,,,,,,,,,,,,,102,https://umamusume.jp/character/cesario,https://ja.wikipedia.org/wiki/シーザリオ
ラインクラフト,103,https://umamusume.jp/character/rheinkraft,,,,,,,,,,,,,,,,,,,,,,,,,,,,,,,,,,,,,,,103,https://umamusume.jp/character/rheinkraft,https://ja.wikipedia.org/wiki/ラインクラフト
エアメサイア,104,https://umamusume.jp/character/airmessiah,,,,,,,,,,,,,,,,,,,,,,,,,,,,,,,,,,,,,,,104,https://umamusume.jp/character/airmessiah,https://ja.wikipedia.org/wiki/エアメサイア
デアリングハート,105,https://umamusume.jp/character/daringheart,,,,,,,,,,,,,,,,,,,,,,,,,,,,,,,,,,,,,,,105,https://umamusume.jp/character/daringheart,https://ja.wikipedia.org/wiki/デアリングハート
フリオーソ,106,https://umamusume.jp/character/furioso,,,,,,,,,,,,,,,,,,,,,,,,,,,,,,,,,,,,,,,106,https://umamusume.jp/character/furioso,https://ja.wikipedia.org/wiki/フリオーソ
トランセンド,107,https://umamusume.jp/character/transcend,,,,,,,,,,,,,,,,,,,,,,,,,,,,,,,,,,,,,,,107,https://umamusume.jp/character/transcend,https://ja.wikipedia.org/wiki/トランセンド
エスポワールシチー,108,https://umamusume.jp/character/espoircity,,,,,,,,,,,,,,,,,,,,,,,,,,,,,,,,,,,,,,,108,https://umamusume.jp/character/espoircity,https://ja.wikipedia.org/wiki/エスポワールシチー
ダンツフレーム,109,https://umamusume.jp/character/dantsuflame,,,,,,,,,,,,,,,,,,,,,,,,,,,,,,,,,,,,,,,109,https://umamusume.jp/character/dantsuflame,https://ja.wikipedia.org/wiki/ダンツフレーム
ノーリーズン,110,https://umamusume.jp/character/noreason,,,,,,,,,,,,,,,,,,,,,,,,,,,,,,,,,,,,,,,110,https://umamusume.jp/character/noreason,https://ja.wikipedia.org/wiki/ノーリーズン
スティルインラブ,111,https://umamusume.jp/character/stillinlove,,,,,,,,,,,,,,,,,,,,,,,,,,,,,,,,,,,,,,,111,https://umamusume.jp/character/stillinlove,https://ja.wikipedia.org/wiki/スティルインラブ
オルフェーヴル,112,https://umamusume.jp/character/orfevre,,,,,,,,,,,,,,,,,,,,,,,,,,,,,,,,,,,,,,,112,https://umamusume.jp/character/orfevre,https://ja.wikipedia.org/wiki/オルフェーヴル
ジェンティルドンナ,113,https://umamusume.jp/character/gentildonna,,,,,,,,,,,,,,,,,,,,,,,,,,,,,,,,,,,,,,,113,https://umamusume.jp/character/gentildonna,https://ja.wikipedia.org/wiki/ジェンティルドンナ
ウインバリアシオン,114,https://umamusume.jp/character/winvariation,,,,,,,,,,,,,,,,,,,,,,,,,,,,,,,,,,,,,,,114,https://umamusume.jp/character/winvariation,https://ja.wikipedia.org/wiki/ウインバリアシオン
ドリームジャーニー,115,https://umamusume.jp/character/dreamjourney,,,,,,,,,,,,,,,,,,,,,,,,,,,,,,,,,,,,,,,115,https://umamusume.jp/character/dreamjourney,https://ja.wikipedia.org/wiki/ドリームジャーニー
ブエナビスタ,116,https://umamusume.jp/character/buenavista,,,,,,,,,,,,,,,,,,,,,,,,,,,,,,,,,,,,,,,116,https://umamusume.jp/character/buenavista,https://ja.wikipedia.org/wiki/ブエナビスタ
ビリーヴ,117,https://umamusume.jp/character/believe,,,,,,,,,,,,,,,,,,,,,,,,,,,,,,,,,,,,,,,117,https://umamusume.jp/character/believe,https://ja.wikipedia.org/wiki/ビリーヴ
カルストンライトオ,118,https://umamusume.jp/character/calstonelighto,,,,,,,,,,,,,,,,,,,,,,,,,,,,,,,,,,,,,,,118,https://umamusume.jp/character/calstonelighto,https://ja.wikipedia.org/wiki/カルストンライトオ
デュランダル,119,https://umamusume.jp/character/durandal,,,,,,,,,,,,,,,,,,,,,,,,,,,,,,,,,,,,,,,119,https://umamusume.jp/character/durandal,https://ja.wikipedia.org/wiki/デュランダル
バブルガムフェロー,120,https://umamusume.jp/character/bubblegumfellow,,,,,,,,,,,,,,,,,,,,,,,,,,,,,,,,,,,,,,,120,https://umamusume.jp/character/bubblegumfellow,https://ja.wikipedia.org/wiki/バブルガムフェロー
フサイチパンドラ,121,https://umamusume.jp/character/fusaichipandora,,,,,,,,,,,,,,,,,,,,,,,,,,,,,,,,,,,,,,,121,https://umamusume.jp/character/fusaichipandora,https://ja.wikipedia.org/wiki/フサイチパンドラ
ブラストワンピース,122,https://umamusume.jp/character/blastonepiece,,,,,,,,,,,,,,,,,,,,,,,,,,,,,,,,,,,,,,,122,https://umamusume.jp/character/blastonepiece,https://ja.wikipedia.org/wiki/ブラストワンピース
サクラチトセオー,123,https://umamusume.jp/character/sakurachitoseo,,,,,,,,,,,,,,,,,,,,,,,,,,,,,,,,,,,,,,,123,https://umamusume.jp/character/sakurachitoseo,https://ja.wikipedia.org/wiki/サクラチトセオー
フェノーメノ,124,https://umamusume.jp/character/fenomeno,,,,,,,,,,,,,,,,,,,,,,,,,,,,,,,,,,,,,,,,,https://ja.wikipedia.org/wiki/シュガーライツ
アーモンドアイ,125,https://umamusume.jp/character/almondeye,,,,,,,,,,,,,,,,,,,,,,,,,,,,,,,,,,,,,,,,,https://ja.wikipedia.org/wiki/ソノンエルフィー
ラッキーライラック,126,https://umamusume.jp/character/luckylilac,,,,,,,,,,,,,,,,,,,,,,,,,,,,,,,,,,,,,,,,,https://ja.wikipedia.org/wiki/ダーレーアラビアン
グランアレグリア,127,https://umamusume.jp/character/granalegria,,,,,,,,,,,,,,,,,,,,,,,,,,,,,,,,,,,,,,,,,https://ja.wikipedia.org/wiki/ハッピーミーク
ラヴズオンリーユー,128,https://umamusume.jp/character/lovesonlyyou,,,,,,,,,,,,,,,,,,,,,,,,,,,,,,,,,,,,,,,,,https://ja.wikipedia.org/wiki/バイアリーターク
クロノジェネシス,129,https://umamusume.jp/character/chronogenesis,,,,,,,,,,,,,,,,,,,,,,,,,,,,,,,,,,,,,,,,,https://ja.wikipedia.org/wiki/%E3%82%B4%E3%83%89%E3%83%AB%E3%83%95%E3%82%A3%E3%83%B3%E3%82%A2%E3%83%A9%E3%83%93%E3%82%A2%E3%83%B3
カレンブーケドール,130,https://umamusume.jp/character/currenbouquetdor,,,,,,,,,,,,,,,,,,,,,,,,,,,,,,,,,,,,,,,,,https://ja.wikipedia.org/wiki/ビターグラッセ
ヴェニュスパーク,,,,,,,,,,,,,,,,,,,,,,,,,,,,,,,,,,,,,,,,,,,https://ja.wikipedia.org/wiki/ライトハロー
ゴドルフィンバルブ,,,,,,,,,,,,,,,,,,,,,,,,,,,,,,,,,,,,,,,,,,,https://ja.wikipedia.org/wiki/リガントーナ
シュガーライツ,,,,,,,,,,,,,,,,,,,,,,,,,,,,,,,,,,,,,,,,,,,https://ja.wikipedia.org/wiki/リトルココン
ソノンエルフィー,,,,,,,,,,,,,,,,,,,,,,,,,,,,,,,,,,,,,,,,,,,https://ja.wikipedia.org/wiki/ヴェニュスパーク
ダーレーアラビアン,,,,,,,,,,,,,,,,,,,,,,,,,,,,,,,,,,,,,,,,,,,
バイアリーターク,,,,,,,,,,,,,,,,,,,,,,,,,,,,,,,,,,,,,,,,,,,
ハッピーミーク,,,,,,,,,,,,,,,,,,,,,,,,,,,,,,,,,,,,,,,,,,,
ビターグラッセ,,,,,,,,,,,,,,,,,,,,,,,,,,,,,,,,,,,,,,,,,,,
ライトハロー,,,,,,,,,,,,,,,,,,,,,,,,,,,,,,,,,,,,,,,,,,,
リガントーナ,,,,,,,,,,,,,,,,,,,,,,,,,,,,,,,,,,,,,,,,,,,
リトルココン,,,,,,,,,,,,,,,,,,,,,,,,,,,,,,,,,,,,,,,,,,,
,,,,,,,,,,,,,,,,,,,,,,,,,,,,,,,,,,,,,,,,,,,
,,,,,,,,,,,,,,,,,,,,,,,,,,,,,,,,,,,,,,,,,,,
,,,,,,,,,,,,,,,,,,,,,,,,,,,,,,,,,,,,,,,,,,,
,,,,,,,,,,,,,,,,,,,,,,,,,,,,,,,,,,,,,,,,,,,
,,,,,,,,,,,,,,,,,,,,,,,,,,,,,,,,,,,,,,,,,,,
,,,,,,,,,,,,,,,,,,,,,,,,,,,,,,,,,,,,,,,,,,,
,,,,,,,,,,,,,,,,,,,,,,,,,,,,,,,,,,,,,,,,,,,
,,,,,,,,,,,,,,,,,,,,,,,,,,,,,,,,,,,,,,,,,,,https://ja.wikipedia.org/wiki/Androcles
,,,,,,,,,,,,,,,,,,,,,,,,,,,,,,,,,,,,,,,,,,,
,,,,,,,,,,,,,,,,,,,,,,,,,,,,,,,,,,,,,,,,,,,https://ja.wikipedia.org/wiki/Aristophanes
,,,,,,,,,,,,,,,,,,,,,,,,,,,,,,,,,,,,,,,,,,,
,,,,,,,,,,,,,,,,,,,,,,,,,,,,,,,,,,,,,,,,,,,
,,,,,,,,,,,,,,,,,,,,,,,,,,,,,,,,,,,,,,,,,,,
,,,,,,,,,,,,,,,,,,,,,,,,,,,,,,,,,,,,,,,,,,,
,,,,,,,,,,,,,,,,,,,,,,,,,,,,,,,,,,,,,,,,,,,
,,,,,,,,,,,,,,,,,,,,,,,,,,,,,,,,,,,,,,,,,,,
,,,,,,,,,,,,,,,,,,,,,,,,,,,,,,,,,,,,,,,,,,,
,,,,,,,,,,,,,,,,,,,,,,,,,,,,,,,,,,,,,,,,,,,
,,,,,,,,,,,,,,,,,,,,,,,,,,,,,,,,,,,,,,,,,,,
,,,,,,,,,,,,,,,,,,,,,,,,,,,,,,,,,,,,,,,,,,,
,,,,,,,,,,,,,,,,,,,,,,,,,,,,,,,,,,,,,,,,,,,
,,,,,,,,,,,,,,,,,,,,,,,,,,,,,,,,,,,,,,,,,,,
,,,,,,,,,,,,,,,,,,,,,,,,,,,,,,,,,,,,,,,,,,,
,,,,,,,,,,,,,,,,,,,,,,,,,,,,,,,,,,,,,,,,,,,
,,,,,,,,,,,,,,,,,,,,,,,,,,,,,,,,,,,,,,,,,,,https://ja.wikipedia.org/wiki/%E3%83%90%E3%83%BC%E3%83%88%E3%83%AC%E3%83%83%E3%83%88%E3%83%81%E3%83%AB%E3%83%80%E3%83%BC%E3%82%BA
,,,,,,,,,,,,,,,,,,,,,,,,,,,,,,,,,,,,,,,,,,,
,,,,,,,,,,,,,,,,,,,,,,,,,,,,,,,,,,,,,,,,,,,
,,,,,,,,,,,,,,,,,,,,,,,,,,,,,,,,,,,,,,,,,,,
,,,,,,,,,,,,,,,,,,,,,,,,,,,,,,,,,,,,,,,,,,,https://ja.wikipedia.org/wiki/%E3%83%99%E3%82%A4%E3%83%AD%E3%83%8A%E3%83%AB%E3%83%89
,,,,,,,,,,,,,,,,,,,,,,,,,,,,,,,,,,,,,,,,,,,
,,,,,,,,,,,,,,,,,,,,,,,,,,,,,,,,,,,,,,,,,,,
,,,,,,,,,,,,,,,,,,,,,,,,,,,,,,,,,,,,,,,,,,,
,,,,,,,,,,,,,,,,,,,,,,,,,,,,,,,,,,,,,,,,,,,
,,,,,,,,,,,,,,,,,,,,,,,,,,,,,,,,,,,,,,,,,,,
,,,,,,,,,,,,,,,,,,,,,,,,,,,,,,,,,,,,,,,,,,,https://ja.wikipedia.org/wiki/Bellini
,,,,,,,,,,,,,,,,,,,,,,,,,,,,,,,,,,,,,,,,,,,https://ja.wikipedia.org/wiki/%E3%83%99%E3%83%B3%E3%83%89%E3%82%A2
,,,,,,,,,,,,,,,,,,,,,,,,,,,,,,,,,,,,,,,,,,,
,,,,,,,,,,,,,,,,,,,,,,,,,,,,,,,,,,,,,,,,,,,
,,,,,,,,,,,,,,,,,,,,,,,,,,,,,,,,,,,,,,,,,,,https://ja.wikipedia.org/wiki/%E3%83%90%E3%83%BC%E3%83%89%E3%82%AD%E3%83%A3%E3%83%83%E3%83%81%E3%83%A3%E3%83%BC
,,,,,,,,,,,,,,,,,,,,,,,,,,,,,,,,,,,,,,,,,,,
,,,,,,,,,,,,,,,,,,,,,,,,,,,,,,,,,,,,,,,,,,,
,,,,,,,,,,,,,,,,,,,,,,,,,,,,,,,,,,,,,,,,,,,
,,,,,,,,,,,,,,,,,,,,,,,,,,,,,,,,,,,,,,,,,,,
,,,,,,,,,,,,,,,,,,,,,,,,,,,,,,,,,,,,,,,,,,,https://ja.wikipedia.org/wiki/Blacklock
,,,,,,,,,,,,,,,,,,,,,,,,,,,,,,,,,,,,,,,,,,,
,,,,,,,,,,,,,,,,,,,,,,,,,,,,,,,,,,,,,,,,,,,
,,,,,,,,,,,,,,,,,,,,,,,,,,,,,,,,,,,,,,,,,,,
,,,,,,,,,,,,,,,,,,,,,,,,,,,,,,,,,,,,,,,,,,,
,,,,,,,,,,,,,,,,,,,,,,,,,,,,,,,,,,,,,,,,,,,
,,,,,,,,,,,,,,,,,,,,,,,,,,,,,,,,,,,,,,,,,,,
,,,,,,,,,,,,,,,,,,,,,,,,,,,,,,,,,,,,,,,,,,,
,,,,,,,,,,,,,,,,,,,,,,,,,,,,,,,,,,,,,,,,,,,
,,,,,,,,,,,,,,,,,,,,,,,,,,,,,,,,,,,,,,,,,,,https://ja.wikipedia.org/wiki/Blushing Groom
,,,,,,,,,,,,,,,,,,,,,,,,,,,,,,,,,,,,,,,,,,,
,,,,,,,,,,,,,,,,,,,,,,,,,,,,,,,,,,,,,,,,,,,
,,,,,,,,,,,,,,,,,,,,,,,,,,,,,,,,,,,,,,,,,,,
,,,,,,,,,,,,,,,,,,,,,,,,,,,,,,,,,,,,,,,,,,,
,,,,,,,,,,,,,,,,,,,,,,,,,,,,,,,,,,,,,,,,,,,https://ja.wikipedia.org/wiki/%E3%83%9C%E3%83%8A%E3%83%B4%E3%82%A3%E3%82%B9%E3%82%BF
,,,,,,,,,,,,,,,,,,,,,,,,,,,,,,,,,,,,,,,,,,,
,,,,,,,,,,,,,,,,,,,,,,,,,,,,,,,,,,,,,,,,,,,
,,,,,,,,,,,,,,,,,,,,,,,,,,,,,,,,,,,,,,,,,,,
,,,,,,,,,,,,,,,,,,,,,,,,,,,,,,,,,,,,,,,,,,,
,,,,,,,,,,,,,,,,,,,,,,,,,,,,,,,,,,,,,,,,,,,
,,,,,,,,,,,,,,,,,,,,,,,,,,,,,,,,,,,,,,,,,,,
,,,,,,,,,,,,,,,,,,,,,,,,,,,,,,,,,,,,,,,,,,,https://ja.wikipedia.org/wiki/Bruleur
,,,,,,,,,,,,,,,,,,,,,,,,,,,,,,,,,,,,,,,,,,,
,,,,,,,,,,,,,,,,,,,,,,,,,,,,,,,,,,,,,,,,,,,
,,,,,,,,,,,,,,,,,,,,,,,,,,,,,,,,,,,,,,,,,,,
,,,,,,,,,,,,,,,,,,,,,,,,,,,,,,,,,,,,,,,,,,,
,,,,,,,,,,,,,,,,,,,,,,,,,,,,,,,,,,,,,,,,,,,https://ja.wikipedia.org/wiki/%E3%83%90%E3%82%B6%E3%83%BC%E3%83%89
,,,,,,,,,,,,,,,,,,,,,,,,,,,,,,,,,,,,,,,,,,,https://ja.wikipedia.org/wiki/%E3%82%B1%E3%83%BC%E3%83%89
,,,,,,,,,,,,,,,,,,,,,,,,,,,,,,,,,,,,,,,,,,,
,,,,,,,,,,,,,,,,,,,,,,,,,,,,,,,,,,,,,,,,,,,
,,,,,,,,,,,,,,,,,,,,,,,,,,,,,,,,,,,,,,,,,,,
,,,,,,,,,,,,,,,,,,,,,,,,,,,,,,,,,,,,,,,,,,,
,,,,,,,,,,,,,,,,,,,,,,,,,,,,,,,,,,,,,,,,,,,
,,,,,,,,,,,,,,,,,,,,,,,,,,,,,,,,,,,,,,,,,,,https://ja.wikipedia.org/wiki/%E3%82%AB%E3%83%AD_(%E7%AB%B6%E8%B5%B0%E9%A6%AC)
,,,,,,,,,,,,,,,,,,,,,,,,,,,,,,,,,,,,,,,,,,,
,,,,,,,,,,,,,,,,,,,,,,,,,,,,,,,,,,,,,,,,,,,
,,,,,,,,,,,,,,,,,,,,,,,,,,,,,,,,,,,,,,,,,,,
,,,,,,,,,,,,,,,,,,,,,,,,,,,,,,,,,,,,,,,,,,,
,,,,,,,,,,,,,,,,,,,,,,,,,,,,,,,,,,,,,,,,,,,
,,,,,,,,,,,,,,,,,,,,,,,,,,,,,,,,,,,,,,,,,,,
,,,,,,,,,,,,,,,,,,,,,,,,,,,,,,,,,,,,,,,,,,,
,,,,,,,,,,,,,,,,,,,,,,,,,,,,,,,,,,,,,,,,,,,
,,,,,,,,,,,,,,,,,,,,,,,,,,,,,,,,,,,,,,,,,,,
,,,,,,,,,,,,,,,,,,,,,,,,,,,,,,,,,,,,,,,,,,,
,,,,,,,,,,,,,,,,,,,,,,,,,,,,,,,,,,,,,,,,,,,
,,,,,,,,,,,,,,,,,,,,,,,,,,,,,,,,,,,,,,,,,,,
,,,,,,,,,,,,,,,,,,,,,,,,,,,,,,,,,,,,,,,,,,,
,,,,,,,,,,,,,,,,,,,,,,,,,,,,,,,,,,,,,,,,,,,
,,,,,,,,,,,,,,,,,,,,,,,,,,,,,,,,,,,,,,,,,,,
,,,,,,,,,,,,,,,,,,,,,,,,,,,,,,,,,,,,,,,,,,,
,,,,,,,,,,,,,,,,,,,,,,,,,,,,,,,,,,,,,,,,,,,
,,,,,,,,,,,,,,,,,,,,,,,,,,,,,,,,,,,,,,,,,,,
,,,,,,,,,,,,,,,,,,,,,,,,,,,,,,,,,,,,,,,,,,,
,,,,,,,,,,,,,,,,,,,,,,,,,,,,,,,,,,,,,,,,,,,
,,,,,,,,,,,,,,,,,,,,,,,,,,,,,,,,,,,,,,,,,,,
,,,,,,,,,,,,,,,,,,,,,,,,,,,,,,,,,,,,,,,,,,,
,,,,,,,,,,,,,,,,,,,,,,,,,,,,,,,,,,,,,,,,,,,
,,,,,,,,,,,,,,,,,,,,,,,,,,,,,,,,,,,,,,,,,,,
,,,,,,,,,,,,,,,,,,,,,,,,,,,,,,,,,,,,,,,,,,,
,,,,,,,,,,,,,,,,,,,,,,,,,,,,,,,,,,,,,,,,,,,
,,,,,,,,,,,,,,,,,,,,,,,,,,,,,,,,,,,,,,,,,,,https://ja.wikipedia.org/wiki/%E3%82%B3%E3%83%B3%E3%83%80%E3%82%AF%E3%82%BF%E3%83%BC_(%E7%AB%B6%E8%B5%B0%E9%A6%AC)
,,,,,,,,,,,,,,,,,,,,,,,,,,,,,,,,,,,,,,,,,,,
,,,,,,,,,,,,,,,,,,,,,,,,,,,,,,,,,,,,,,,,,,,
,,,,,,,,,,,,,,,,,,,,,,,,,,,,,,,,,,,,,,,,,,,
,,,,,,,,,,,,,,,,,,,,,,,,,,,,,,,,,,,,,,,,,,,
,,,,,,,,,,,,,,,,,,,,,,,,,,,,,,,,,,,,,,,,,,,https://ja.wikipedia.org/wiki/Cozzene
,,,,,,,,,,,,,,,,,,,,,,,,,,,,,,,,,,,,,,,,,,,https://ja.wikipedia.org/wiki/%E3%83%91%E3%83%BC%E3%83%88%E3%83%8A%E3%83%BC_(%E7%AB%B6%E8%B5%B0%E9%A6%AC)
,,,,,,,,,,,,,,,,,,,,,,,,,,,,,,,,,,,,,,,,,,,
,,,,,,,,,,,,,,,,,,,,,,,,,,,,,,,,,,,,,,,,,,,
,,,,,,,,,,,,,,,,,,,,,,,,,,,,,,,,,,,,,,,,,,,
,,,,,,,,,,,,,,,,,,,,,,,,,,,,,,,,,,,,,,,,,,,https://ja.wikipedia.org/wiki/%E3%82%B5%E3%82%A4%E3%83%AA%E3%83%BC%E3%83%B3_(%E7%AB%B6%E8%B5%B0%E9%A6%AC)
,,,,,,,,,,,,,,,,,,,,,,,,,,,,,,,,,,,,,,,,,,,
,,,,,,,,,,,,,,,,,,,,,,,,,,,,,,,,,,,,,,,,,,,
,,,,,,,,,,,,,,,,,,,,,,,,,,,,,,,,,,,,,,,,,,,
,,,,,,,,,,,,,,,,,,,,,,,,,,,,,,,,,,,,,,,,,,,https://ja.wikipedia.org/wiki/Dansili
,,,,,,,,,,,,,,,,,,,,,,,,,,,,,,,,,,,,,,,,,,,
,,,,,,,,,,,,,,,,,,,,,,,,,,,,,,,,,,,,,,,,,,,
,,,,,,,,,,,,,,,,,,,,,,,,,,,,,,,,,,,,,,,,,,,
,,,,,,,,,,,,,,,,,,,,,,,,,,,,,,,,,,,,,,,,,,,
,,,,,,,,,,,,,,,,,,,,,,,,,,,,,,,,,,,,,,,,,,,
,,,,,,,,,,,,,,,,,,,,,,,,,,,,,,,,,,,,,,,,,,,
,,,,,,,,,,,,,,,,,,,,,,,,,,,,,,,,,,,,,,,,,,,
,,,,,,,,,,,,,,,,,,,,,,,,,,,,,,,,,,,,,,,,,,,
,,,,,,,,,,,,,,,,,,,,,,,,,,,,,,,,,,,,,,,,,,,
,,,,,,,,,,,,,,,,,,,,,,,,,,,,,,,,,,,,,,,,,,,
,,,,,,,,,,,,,,,,,,,,,,,,,,,,,,,,,,,,,,,,,,,
,,,,,,,,,,,,,,,,,,,,,,,,,,,,,,,,,,,,,,,,,,,
,,,,,,,,,,,,,,,,,,,,,,,,,,,,,,,,,,,,,,,,,,,
,,,,,,,,,,,,,,,,,,,,,,,,,,,,,,,,,,,,,,,,,,,https://ja.wikipedia.org/wiki/%E3%83%89%E3%83%B3%E3%82%AB%E3%82%B9%E3%82%BF%E3%83%BC_(%E7%AB%B6%E8%B5%B0%E9%A6%AC)
,,,,,,,,,,,,,,,,,,,,,,,,,,,,,,,,,,,,,,,,,,,
,,,,,,,,,,,,,,,,,,,,,,,,,,,,,,,,,,,,,,,,,,,
,,,,,,,,,,,,,,,,,,,,,,,,,,,,,,,,,,,,,,,,,,,
,,,,,,,,,,,,,,,,,,,,,,,,,,,,,,,,,,,,,,,,,,,
,,,,,,,,,,,,,,,,,,,,,,,,,,,,,,,,,,,,,,,,,,,
,,,,,,,,,,,,,,,,,,,,,,,,,,,,,,,,,,,,,,,,,,,https://ja.wikipedia.org/wiki/%E3%82%A8%E3%82%AF%E3%83%AA%E3%83%97%E3%82%B9_(%E7%AB%B6%E8%B5%B0%E9%A6%AC)
,,,,,,,,,,,,,,,,,,,,,,,,,,,,,,,,,,,,,,,,,,,
,,,,,,,,,,,,,,,,,,,,,,,,,,,,,,,,,,,,,,,,,,,
,,,,,,,,,,,,,,,,,,,,,,,,,,,,,,,,,,,,,,,,,,,
,,,,,,,,,,,,,,,,,,,,,,,,,,,,,,,,,,,,,,,,,,,
,,,,,,,,,,,,,,,,,,,,,,,,,,,,,,,,,,,,,,,,,,,
,,,,,,,,,,,,,,,,,,,,,,,,,,,,,,,,,,,,,,,,,,,
,,,,,,,,,,,,,,,,,,,,,,,,,,,,,,,,,,,,,,,,,,,
,,,,,,,,,,,,,,,,,,,,,,,,,,,,,,,,,,,,,,,,,,,
,,,,,,,,,,,,,,,,,,,,,,,,,,,,,,,,,,,,,,,,,,,
,,,,,,,,,,,,,,,,,,,,,,,,,,,,,,,,,,,,,,,,,,,https://ja.wikipedia.org/wiki/%E3%83%95%E3%82%A7%E3%82%A2%E3%83%97%E3%83%AC%E3%82%A4_(%E7%AB%B6%E8%B5%B0%E9%A6%AC)
,,,,,,,,,,,,,,,,,,,,,,,,,,,,,,,,,,,,,,,,,,,
,,,,,,,,,,,,,,,,,,,,,,,,,,,,,,,,,,,,,,,,,,,
,,,,,,,,,,,,,,,,,,,,,,,,,,,,,,,,,,,,,,,,,,,
,,,,,,,,,,,,,,,,,,,,,,,,,,,,,,,,,,,,,,,,,,,
,,,,,,,,,,,,,,,,,,,,,,,,,,,,,,,,,,,,,,,,,,,https://ja.wikipedia.org/wiki/Fine Art
,,,,,,,,,,,,,,,,,,,,,,,,,,,,,,,,,,,,,,,,,,,
,,,,,,,,,,,,,,,,,,,,,,,,,,,,,,,,,,,,,,,,,,,
,,,,,,,,,,,,,,,,,,,,,,,,,,,,,,,,,,,,,,,,,,,
,,,,,,,,,,,,,,,,,,,,,,,,,,,,,,,,,,,,,,,,,,,
,,,,,,,,,,,,,,,,,,,,,,,,,,,,,,,,,,,,,,,,,,,
,,,,,,,,,,,,,,,,,,,,,,,,,,,,,,,,,,,,,,,,,,,https://ja.wikipedia.org/wiki/フレーミングページ
,,,,,,,,,,,,,,,,,,,,,,,,,,,,,,,,,,,,,,,,,,,
,,,,,,,,,,,,,,,,,,,,,,,,,,,,,,,,,,,,,,,,,,,
,,,,,,,,,,,,,,,,,,,,,,,,,,,,,,,,,,,,,,,,,,,
,,,,,,,,,,,,,,,,,,,,,,,,,,,,,,,,,,,,,,,,,,,
,,,,,,,,,,,,,,,,,,,,,,,,,,,,,,,,,,,,,,,,,,,
,,,,,,,,,,,,,,,,,,,,,,,,,,,,,,,,,,,,,,,,,,,
,,,,,,,,,,,,,,,,,,,,,,,,,,,,,,,,,,,,,,,,,,,
,,,,,,,,,,,,,,,,,,,,,,,,,,,,,,,,,,,,,,,,,,,
,,,,,,,,,,,,,,,,,,,,,,,,,,,,,,,,,,,,,,,,,,,
,,,,,,,,,,,,,,,,,,,,,,,,,,,,,,,,,,,,,,,,,,,
,,,,,,,,,,,,,,,,,,,,,,,,,,,,,,,,,,,,,,,,,,,https://ja.wikipedia.org/wiki/Gainsborough
,,,,,,,,,,,,,,,,,,,,,,,,,,,,,,,,,,,,,,,,,,,
,,,,,,,,,,,,,,,,,,,,,,,,,,,,,,,,,,,,,,,,,,,
,,,,,,,,,,,,,,,,,,,,,,,,,,,,,,,,,,,,,,,,,,,
,,,,,,,,,,,,,,,,,,,,,,,,,,,,,,,,,,,,,,,,,,,https://ja.wikipedia.org/wiki/Galopin
,,,,,,,,,,,,,,,,,,,,,,,,,,,,,,,,,,,,,,,,,,,https://ja.wikipedia.org/wiki/Gardefeu
,,,,,,,,,,,,,,,,,,,,,,,,,,,,,,,,,,,,,,,,,,,
,,,,,,,,,,,,,,,,,,,,,,,,,,,,,,,,,,,,,,,,,,,
,,,,,,,,,,,,,,,,,,,,,,,,,,,,,,,,,,,,,,,,,,,
,,,,,,,,,,,,,,,,,,,,,,,,,,,,,,,,,,,,,,,,,,,
,,,,,,,,,,,,,,,,,,,,,,,,,,,,,,,,,,,,,,,,,,,
,,,,,,,,,,,,,,,,,,,,,,,,,,,,,,,,,,,,,,,,,,,
,,,,,,,,,,,,,,,,,,,,,,,,,,,,,,,,,,,,,,,,,,,
,,,,,,,,,,,,,,,,,,,,,,,,,,,,,,,,,,,,,,,,,,,
,,,,,,,,,,,,,,,,,,,,,,,,,,,,,,,,,,,,,,,,,,,
,,,,,,,,,,,,,,,,,,,,,,,,,,,,,,,,,,,,,,,,,,,
,,,,,,,,,,,,,,,,,,,,,,,,,,,,,,,,,,,,,,,,,,,https://ja.wikipedia.org/wiki/%E3%82%B0%E3%83%AA%E3%83%BC%E3%83%B3%E3%83%80%E3%83%B3%E3%82%B5%E3%83%BC
,,,,,,,,,,,,,,,,,,,,,,,,,,,,,,,,,,,,,,,,,,,
,,,,,,,,,,,,,,,,,,,,,,,,,,,,,,,,,,,,,,,,,,,https://ja.wikipedia.org/wiki/Grey Dawn
,,,,,,,,,,,,,,,,,,,,,,,,,,,,,,,,,,,,,,,,,,,
,,,,,,,,,,,,,,,,,,,,,,,,,,,,,,,,,,,,,,,,,,,
,,,,,,,,,,,,,,,,,,,,,,,,,,,,,,,,,,,,,,,,,,,https://ja.wikipedia.org/wiki/%E3%82%B0%E3%83%AC%E3%82%A4%E3%82%BD%E3%83%B4%E3%83%AA%E3%83%B3
,,,,,,,,,,,,,,,,,,,,,,,,,,,,,,,,,,,,,,,,,,,
,,,,,,,,,,,,,,,,,,,,,,,,,,,,,,,,,,,,,,,,,,,
,,,,,,,,,,,,,,,,,,,,,,,,,,,,,,,,,,,,,,,,,,,
,,,,,,,,,,,,,,,,,,,,,,,,,,,,,,,,,,,,,,,,,,,https://ja.wikipedia.org/wiki/%E3%83%98%E3%82%A4%E3%83%AB%E3%83%88%E3%82%A5%E3%83%AA%E3%83%BC%E3%82%BA%E3%83%B3
,,,,,,,,,,,,,,,,,,,,,,,,,,,,,,,,,,,,,,,,,,,https://ja.wikipedia.org/wiki/%E3%83%98%E3%82%A4%E3%83%AD%E3%83%BC_(%E7%AB%B6%E8%B5%B0%E9%A6%AC)
,,,,,,,,,,,,,,,,,,,,,,,,,,,,,,,,,,,,,,,,,,,https://ja.wikipedia.org/wiki/Hambletonian
,,,,,,,,,,,,,,,,,,,,,,,,,,,,,,,,,,,,,,,,,,,
,,,,,,,,,,,,,,,,,,,,,,,,,,,,,,,,,,,,,,,,,,,
,,,,,,,,,,,,,,,,,,,,,,,,,,,,,,,,,,,,,,,,,,,
,,,,,,,,,,,,,,,,,,,,,,,,,,,,,,,,,,,,,,,,,,,
,,,,,,,,,,,,,,,,,,,,,,,,,,,,,,,,,,,,,,,,,,,
,,,,,,,,,,,,,,,,,,,,,,,,,,,,,,,,,,,,,,,,,,,https://ja.wikipedia.org/wiki/Havresac
,,,,,,,,,,,,,,,,,,,,,,,,,,,,,,,,,,,,,,,,,,,https://ja.wikipedia.org/wiki/%E3%82%A8%E3%83%AB%E3%83%90%E3%82%B8%E3%82%A7_(%E7%AB%B6%E8%B5%B0%E9%A6%AC)
,,,,,,,,,,,,,,,,,,,,,,,,,,,,,,,,,,,,,,,,,,,
,,,,,,,,,,,,,,,,,,,,,,,,,,,,,,,,,,,,,,,,,,,https://ja.wikipedia.org/wiki/%E3%83%98%E3%83%AD%E3%83%89_(%E7%AB%B6%E8%B5%B0%E9%A6%AC)
,,,,,,,,,,,,,,,,,,,,,,,,,,,,,,,,,,,,,,,,,,,
,,,,,,,,,,,,,,,,,,,,,,,,,,,,,,,,,,,,,,,,,,,
,,,,,,,,,,,,,,,,,,,,,,,,,,,,,,,,,,,,,,,,,,,
,,,,,,,,,,,,,,,,,,,,,,,,,,,,,,,,,,,,,,,,,,,
,,,,,,,,,,,,,,,,,,,,,,,,,,,,,,,,,,,,,,,,,,,
,,,,,,,,,,,,,,,,,,,,,,,,,,,,,,,,,,,,,,,,,,,
,,,,,,,,,,,,,,,,,,,,,,,,,,,,,,,,,,,,,,,,,,,https://ja.wikipedia.org/wiki/Humphrey Clinker
,,,,,,,,,,,,,,,,,,,,,,,,,,,,,,,,,,,,,,,,,,,
,,,,,,,,,,,,,,,,,,,,,,,,,,,,,,,,,,,,,,,,,,,
,,,,,,,,,,,,,,,,,,,,,,,,,,,,,,,,,,,,,,,,,,,
,,,,,,,,,,,,,,,,,,,,,,,,,,,,,,,,,,,,,,,,,,,
,,,,,,,,,,,,,,,,,,,,,,,,,,,,,,,,,,,,,,,,,,,
,,,,,,,,,,,,,,,,,,,,,,,,,,,,,,,,,,,,,,,,,,,
,,,,,,,,,,,,,,,,,,,,,,,,,,,,,,,,,,,,,,,,,,,
,,,,,,,,,,,,,,,,,,,,,,,,,,,,,,,,,,,,,,,,,,,
,,,,,,,,,,,,,,,,,,,,,,,,,,,,,,,,,,,,,,,,,,,
,,,,,,,,,,,,,,,,,,,,,,,,,,,,,,,,,,,,,,,,,,,
,,,,,,,,,,,,,,,,,,,,,,,,,,,,,,,,,,,,,,,,,,,
,,,,,,,,,,,,,,,,,,,,,,,,,,,,,,,,,,,,,,,,,,,
,,,,,,,,,,,,,,,,,,,,,,,,,,,,,,,,,,,,,,,,,,,https://ja.wikipedia.org/wiki/%E3%82%A4%E3%83%B3%E3%83%86%E3%83%B3%E3%82%B7%E3%83%A7%E3%83%8A%E3%83%AA%E3%83%BC
,,,,,,,,,,,,,,,,,,,,,,,,,,,,,,,,,,,,,,,,,,,
,,,,,,,,,,,,,,,,,,,,,,,,,,,,,,,,,,,,,,,,,,,
,,,,,,,,,,,,,,,,,,,,,,,,,,,,,,,,,,,,,,,,,,,
,,,,,,,,,,,,,,,,,,,,,,,,,,,,,,,,,,,,,,,,,,,
,,,,,,,,,,,,,,,,,,,,,,,,,,,,,,,,,,,,,,,,,,,
,,,,,,,,,,,,,,,,,,,,,,,,,,,,,,,,,,,,,,,,,,,
,,,,,,,,,,,,,,,,,,,,,,,,,,,,,,,,,,,,,,,,,,,
,,,,,,,,,,,,,,,,,,,,,,,,,,,,,,,,,,,,,,,,,,,
,,,,,,,,,,,,,,,,,,,,,,,,,,,,,,,,,,,,,,,,,,,
,,,,,,,,,,,,,,,,,,,,,,,,,,,,,,,,,,,,,,,,,,,
,,,,,,,,,,,,,,,,,,,,,,,,,,,,,,,,,,,,,,,,,,,
,,,,,,,,,,,,,,,,,,,,,,,,,,,,,,,,,,,,,,,,,,,
,,,,,,,,,,,,,,,,,,,,,,,,,,,,,,,,,,,,,,,,,,,
,,,,,,,,,,,,,,,,,,,,,,,,,,,,,,,,,,,,,,,,,,,https://ja.wikipedia.org/wiki/King's Troop
,,,,,,,,,,,,,,,,,,,,,,,,,,,,,,,,,,,,,,,,,,,
,,,,,,,,,,,,,,,,,,,,,,,,,,,,,,,,,,,,,,,,,,,
,,,,,,,,,,,,,,,,,,,,,,,,,,,,,,,,,,,,,,,,,,,https://ja.wikipedia.org/wiki/Klairon
,,,,,,,,,,,,,,,,,,,,,,,,,,,,,,,,,,,,,,,,,,,
,,,,,,,,,,,,,,,,,,,,,,,,,,,,,,,,,,,,,,,,,,,https://ja.wikipedia.org/wiki/%E3%83%8E%E3%82%A6%E3%83%B3%E3%83%95%E3%82%A1%E3%82%AF%E3%83%88
,,,,,,,,,,,,,,,,,,,,,,,,,,,,,,,,,,,,,,,,,,,
,,,,,,,,,,,,,,,,,,,,,,,,,,,,,,,,,,,,,,,,,,,
,,,,,,,,,,,,,,,,,,,,,,,,,,,,,,,,,,,,,,,,,,,
,,,,,,,,,,,,,,,,,,,,,,,,,,,,,,,,,,,,,,,,,,,
,,,,,,,,,,,,,,,,,,,,,,,,,,,,,,,,,,,,,,,,,,,
,,,,,,,,,,,,,,,,,,,,,,,,,,,,,,,,,,,,,,,,,,,
,,,,,,,,,,,,,,,,,,,,,,,,,,,,,,,,,,,,,,,,,,,
,,,,,,,,,,,,,,,,,,,,,,,,,,,,,,,,,,,,,,,,,,,
,,,,,,,,,,,,,,,,,,,,,,,,,,,,,,,,,,,,,,,,,,,
,,,,,,,,,,,,,,,,,,,,,,,,,,,,,,,,,,,,,,,,,,,
,,,,,,,,,,,,,,,,,,,,,,,,,,,,,,,,,,,,,,,,,,,
,,,,,,,,,,,,,,,,,,,,,,,,,,,,,,,,,,,,,,,,,,,
,,,,,,,,,,,,,,,,,,,,,,,,,,,,,,,,,,,,,,,,,,,
,,,,,,,,,,,,,,,,,,,,,,,,,,,,,,,,,,,,,,,,,,,https://ja.wikipedia.org/wiki/Le Sancy
,,,,,,,,,,,,,,,,,,,,,,,,,,,,,,,,,,,,,,,,,,,
,,,,,,,,,,,,,,,,,,,,,,,,,,,,,,,,,,,,,,,,,,,
,,,,,,,,,,,,,,,,,,,,,,,,,,,,,,,,,,,,,,,,,,,
,,,,,,,,,,,,,,,,,,,,,,,,,,,,,,,,,,,,,,,,,,,
,,,,,,,,,,,,,,,,,,,,,,,,,,,,,,,,,,,,,,,,,,,
,,,,,,,,,,,,,,,,,,,,,,,,,,,,,,,,,,,,,,,,,,,
,,,,,,,,,,,,,,,,,,,,,,,,,,,,,,,,,,,,,,,,,,,
,,,,,,,,,,,,,,,,,,,,,,,,,,,,,,,,,,,,,,,,,,,
,,,,,,,,,,,,,,,,,,,,,,,,,,,,,,,,,,,,,,,,,,,https://ja.wikipedia.org/wiki/%E3%83%AD%E3%83%BC%E3%83%89%E3%82%AF%E3%83%AA%E3%83%95%E3%83%87%E3%83%B3
,,,,,,,,,,,,,,,,,,,,,,,,,,,,,,,,,,,,,,,,,,,
,,,,,,,,,,,,,,,,,,,,,,,,,,,,,,,,,,,,,,,,,,,
,,,,,,,,,,,,,,,,,,,,,,,,,,,,,,,,,,,,,,,,,,,
,,,,,,,,,,,,,,,,,,,,,,,,,,,,,,,,,,,,,,,,,,,
,,,,,,,,,,,,,,,,,,,,,,,,,,,,,,,,,,,,,,,,,,,
,,,,,,,,,,,,,,,,,,,,,,,,,,,,,,,,,,,,,,,,,,,
,,,,,,,,,,,,,,,,,,,,,,,,,,,,,,,,,,,,,,,,,,,
,,,,,,,,,,,,,,,,,,,,,,,,,,,,,,,,,,,,,,,,,,,https://ja.wikipedia.org/wiki/Majestic Prince
,,,,,,,,,,,,,,,,,,,,,,,,,,,,,,,,,,,,,,,,,,,
,,,,,,,,,,,,,,,,,,,,,,,,,,,,,,,,,,,,,,,,,,,
,,,,,,,,,,,,,,,,,,,,,,,,,,,,,,,,,,,,,,,,,,,
,,,,,,,,,,,,,,,,,,,,,,,,,,,,,,,,,,,,,,,,,,,
,,,,,,,,,,,,,,,,,,,,,,,,,,,,,,,,,,,,,,,,,,,https://ja.wikipedia.org/wiki/%E3%83%9E%E3%83%BC%E3%82%B9%E3%82%AF
,,,,,,,,,,,,,,,,,,,,,,,,,,,,,,,,,,,,,,,,,,,
,,,,,,,,,,,,,,,,,,,,,,,,,,,,,,,,,,,,,,,,,,,
,,,,,,,,,,,,,,,,,,,,,,,,,,,,,,,,,,,,,,,,,,,
,,,,,,,,,,,,,,,,,,,,,,,,,,,,,,,,,,,,,,,,,,,
,,,,,,,,,,,,,,,,,,,,,,,,,,,,,,,,,,,,,,,,,,,
,,,,,,,,,,,,,,,,,,,,,,,,,,,,,,,,,,,,,,,,,,,
,,,,,,,,,,,,,,,,,,,,,,,,,,,,,,,,,,,,,,,,,,,
,,,,,,,,,,,,,,,,,,,,,,,,,,,,,,,,,,,,,,,,,,,
,,,,,,,,,,,,,,,,,,,,,,,,,,,,,,,,,,,,,,,,,,,
,,,,,,,,,,,,,,,,,,,,,,,,,,,,,,,,,,,,,,,,,,,
,,,,,,,,,,,,,,,,,,,,,,,,,,,,,,,,,,,,,,,,,,,
,,,,,,,,,,,,,,,,,,,,,,,,,,,,,,,,,,,,,,,,,,,
,,,,,,,,,,,,,,,,,,,,,,,,,,,,,,,,,,,,,,,,,,,
,,,,,,,,,,,,,,,,,,,,,,,,,,,,,,,,,,,,,,,,,,,
,,,,,,,,,,,,,,,,,,,,,,,,,,,,,,,,,,,,,,,,,,,
,,,,,,,,,,,,,,,,,,,,,,,,,,,,,,,,,,,,,,,,,,,https://ja.wikipedia.org/wiki/%E3%83%9F%E3%83%AB%E3%83%AA%E3%83%BC%E3%83%95
,,,,,,,,,,,,,,,,,,,,,,,,,,,,,,,,,,,,,,,,,,,
,,,,,,,,,,,,,,,,,,,,,,,,,,,,,,,,,,,,,,,,,,,
,,,,,,,,,,,,,,,,,,,,,,,,,,,,,,,,,,,,,,,,,,,
,,,,,,,,,,,,,,,,,,,,,,,,,,,,,,,,,,,,,,,,,,,
,,,,,,,,,,,,,,,,,,,,,,,,,,,,,,,,,,,,,,,,,,,
,,,,,,,,,,,,,,,,,,,,,,,,,,,,,,,,,,,,,,,,,,,
,,,,,,,,,,,,,,,,,,,,,,,,,,,,,,,,,,,,,,,,,,,
,,,,,,,,,,,,,,,,,,,,,,,,,,,,,,,,,,,,,,,,,,,
,,,,,,,,,,,,,,,,,,,,,,,,,,,,,,,,,,,,,,,,,,,
,,,,,,,,,,,,,,,,,,,,,,,,,,,,,,,,,,,,,,,,,,,
,,,,,,,,,,,,,,,,,,,,,,,,,,,,,,,,,,,,,,,,,,,
,,,,,,,,,,,,,,,,,,,,,,,,,,,,,,,,,,,,,,,,,,,
,,,,,,,,,,,,,,,,,,,,,,,,,,,,,,,,,,,,,,,,,,,
,,,,,,,,,,,,,,,,,,,,,,,,,,,,,,,,,,,,,,,,,,,https://ja.wikipedia.org/wiki/Mr. Prospector
,,,,,,,,,,,,,,,,,,,,,,,,,,,,,,,,,,,,,,,,,,,
,,,,,,,,,,,,,,,,,,,,,,,,,,,,,,,,,,,,,,,,,,,
,,,,,,,,,,,,,,,,,,,,,,,,,,,,,,,,,,,,,,,,,,,
,,,,,,,,,,,,,,,,,,,,,,,,,,,,,,,,,,,,,,,,,,,
,,,,,,,,,,,,,,,,,,,,,,,,,,,,,,,,,,,,,,,,,,,
,,,,,,,,,,,,,,,,,,,,,,,,,,,,,,,,,,,,,,,,,,,
,,,,,,,,,,,,,,,,,,,,,,,,,,,,,,,,,,,,,,,,,,,https://ja.wikipedia.org/wiki/%E3%83%9E%E3%82%A4%E3%83%90%E3%83%96%E3%83%BC
,,,,,,,,,,,,,,,,,,,,,,,,,,,,,,,,,,,,,,,,,,,
,,,,,,,,,,,,,,,,,,,,,,,,,,,,,,,,,,,,,,,,,,,
,,,,,,,,,,,,,,,,,,,,,,,,,,,,,,,,,,,,,,,,,,,
,,,,,,,,,,,,,,,,,,,,,,,,,,,,,,,,,,,,,,,,,,,https://ja.wikipedia.org/wiki/%E3%83%8A%E3%82%B9%E3%83%AB%E3%83%BC%E3%83%A9
,,,,,,,,,,,,,,,,,,,,,,,,,,,,,,,,,,,,,,,,,,,
,,,,,,,,,,,,,,,,,,,,,,,,,,,,,,,,,,,,,,,,,,,https://ja.wikipedia.org/wiki/Native Dancer
,,,,,,,,,,,,,,,,,,,,,,,,,,,,,,,,,,,,,,,,,,,https://ja.wikipedia.org/wiki/%E3%83%8D%E3%82%A2%E3%83%AB%E3%82%B3
,,,,,,,,,,,,,,,,,,,,,,,,,,,,,,,,,,,,,,,,,,,
,,,,,,,,,,,,,,,,,,,,,,,,,,,,,,,,,,,,,,,,,,,
,,,,,,,,,,,,,,,,,,,,,,,,,,,,,,,,,,,,,,,,,,,
,,,,,,,,,,,,,,,,,,,,,,,,,,,,,,,,,,,,,,,,,,,
,,,,,,,,,,,,,,,,,,,,,,,,,,,,,,,,,,,,,,,,,,,
,,,,,,,,,,,,,,,,,,,,,,,,,,,,,,,,,,,,,,,,,,,
,,,,,,,,,,,,,,,,,,,,,,,,,,,,,,,,,,,,,,,,,,,
,,,,,,,,,,,,,,,,,,,,,,,,,,,,,,,,,,,,,,,,,,,https://ja.wikipedia.org/wiki/%E3%83%8E%E3%83%BC%E3%82%B6%E3%83%B3%E3%83%80%E3%83%B3%E3%82%B5%E3%83%BC
,,,,,,,,,,,,,,,,,,,,,,,,,,,,,,,,,,,,,,,,,,,
,,,,,,,,,,,,,,,,,,,,,,,,,,,,,,,,,,,,,,,,,,,https://ja.wikipedia.org/wiki/%E3%83%8C%E3%83%AC%E3%82%A4%E3%82%A8%E3%83%95
,,,,,,,,,,,,,,,,,,,,,,,,,,,,,,,,,,,,,,,,,,,
,,,,,,,,,,,,,,,,,,,,,,,,,,,,,,,,,,,,,,,,,,,
,,,,,,,,,,,,,,,,,,,,,,,,,,,,,,,,,,,,,,,,,,,
,,,,,,,,,,,,,,,,,,,,,,,,,,,,,,,,,,,,,,,,,,,https://ja.wikipedia.org/wiki/Our Page
,,,,,,,,,,,,,,,,,,,,,,,,,,,,,,,,,,,,,,,,,,,
,,,,,,,,,,,,,,,,,,,,,,,,,,,,,,,,,,,,,,,,,,,https://ja.wikipedia.org/wiki/Pantaloon
,,,,,,,,,,,,,,,,,,,,,,,,,,,,,,,,,,,,,,,,,,,
,,,,,,,,,,,,,,,,,,,,,,,,,,,,,,,,,,,,,,,,,,,
,,,,,,,,,,,,,,,,,,,,,,,,,,,,,,,,,,,,,,,,,,,
,,,,,,,,,,,,,,,,,,,,,,,,,,,,,,,,,,,,,,,,,,,
,,,,,,,,,,,,,,,,,,,,,,,,,,,,,,,,,,,,,,,,,,,
,,,,,,,,,,,,,,,,,,,,,,,,,,,,,,,,,,,,,,,,,,,
,,,,,,,,,,,,,,,,,,,,,,,,,,,,,,,,,,,,,,,,,,,
,,,,,,,,,,,,,,,,,,,,,,,,,,,,,,,,,,,,,,,,,,,https://ja.wikipedia.org/wiki/Persimmon
,,,,,,,,,,,,,,,,,,,,,,,,,,,,,,,,,,,,,,,,,,,
,,,,,,,,,,,,,,,,,,,,,,,,,,,,,,,,,,,,,,,,,,,
,,,,,,,,,,,,,,,,,,,,,,,,,,,,,,,,,,,,,,,,,,,
,,,,,,,,,,,,,,,,,,,,,,,,,,,,,,,,,,,,,,,,,,,https://ja.wikipedia.org/wiki/%E3%83%95%E3%82%A1%E3%83%A9%E3%83%AA%E3%82%B9_(%E7%AB%B6%E8%B5%B0%E9%A6%AC)
,,,,,,,,,,,,,,,,,,,,,,,,,,,,,,,,,,,,,,,,,,,
,,,,,,,,,,,,,,,,,,,,,,,,,,,,,,,,,,,,,,,,,,,
,,,,,,,,,,,,,,,,,,,,,,,,,,,,,,,,,,,,,,,,,,,https://ja.wikipedia.org/wiki/%E3%83%95%E3%82%A1%E3%83%AD%E3%82%B9_(%E7%AB%B6%E8%B5%B0%E9%A6%AC)
,,,,,,,,,,,,,,,,,,,,,,,,,,,,,,,,,,,,,,,,,,,
,,,,,,,,,,,,,,,,,,,,,,,,,,,,,,,,,,,,,,,,,,,
,,,,,,,,,,,,,,,,,,,,,,,,,,,,,,,,,,,,,,,,,,,https://ja.wikipedia.org/wiki/Plassy
,,,,,,,,,,,,,,,,,,,,,,,,,,,,,,,,,,,,,,,,,,,https://ja.wikipedia.org/wiki/Pleasant Colony
,,,,,,,,,,,,,,,,,,,,,,,,,,,,,,,,,,,,,,,,,,,
,,,,,,,,,,,,,,,,,,,,,,,,,,,,,,,,,,,,,,,,,,,
,,,,,,,,,,,,,,,,,,,,,,,,,,,,,,,,,,,,,,,,,,,
,,,,,,,,,,,,,,,,,,,,,,,,,,,,,,,,,,,,,,,,,,,
,,,,,,,,,,,,,,,,,,,,,,,,,,,,,,,,,,,,,,,,,,,https://ja.wikipedia.org/wiki/%E3%83%9D%E3%83%AA%E3%83%A1%E3%83%A9%E3%82%B9
,,,,,,,,,,,,,,,,,,,,,,,,,,,,,,,,,,,,,,,,,,,
,,,,,,,,,,,,,,,,,,,,,,,,,,,,,,,,,,,,,,,,,,,https://ja.wikipedia.org/wiki/%E3%83%9D%E3%83%86%E3%82%A4%E3%83%88%E3%83%BC%E3%82%BA
,,,,,,,,,,,,,,,,,,,,,,,,,,,,,,,,,,,,,,,,,,,https://ja.wikipedia.org/wiki/Prince Chevalier
,,,,,,,,,,,,,,,,,,,,,,,,,,,,,,,,,,,,,,,,,,,
,,,,,,,,,,,,,,,,,,,,,,,,,,,,,,,,,,,,,,,,,,,
,,,,,,,,,,,,,,,,,,,,,,,,,,,,,,,,,,,,,,,,,,,
,,,,,,,,,,,,,,,,,,,,,,,,,,,,,,,,,,,,,,,,,,,
,,,,,,,,,,,,,,,,,,,,,,,,,,,,,,,,,,,,,,,,,,,
,,,,,,,,,,,,,,,,,,,,,,,,,,,,,,,,,,,,,,,,,,,
,,,,,,,,,,,,,,,,,,,,,,,,,,,,,,,,,,,,,,,,,,,
,,,,,,,,,,,,,,,,,,,,,,,,,,,,,,,,,,,,,,,,,,,
,,,,,,,,,,,,,,,,,,,,,,,,,,,,,,,,,,,,,,,,,,,
,,,,,,,,,,,,,,,,,,,,,,,,,,,,,,,,,,,,,,,,,,,
,,,,,,,,,,,,,,,,,,,,,,,,,,,,,,,,,,,,,,,,,,,
,,,,,,,,,,,,,,,,,,,,,,,,,,,,,,,,,,,,,,,,,,,
,,,,,,,,,,,,,,,,,,,,,,,,,,,,,,,,,,,,,,,,,,,
,,,,,,,,,,,,,,,,,,,,,,,,,,,,,,,,,,,,,,,,,,,
,,,,,,,,,,,,,,,,,,,,,,,,,,,,,,,,,,,,,,,,,,,
,,,,,,,,,,,,,,,,,,,,,,,,,,,,,,,,,,,,,,,,,,,
,,,,,,,,,,,,,,,,,,,,,,,,,,,,,,,,,,,,,,,,,,,
,,,,,,,,,,,,,,,,,,,,,,,,,,,,,,,,,,,,,,,,,,,
,,,,,,,,,,,,,,,,,,,,,,,,,,,,,,,,,,,,,,,,,,,
,,,,,,,,,,,,,,,,,,,,,,,,,,,,,,,,,,,,,,,,,,,https://ja.wikipedia.org/wiki/Ribot
,,,,,,,,,,,,,,,,,,,,,,,,,,,,,,,,,,,,,,,,,,,
,,,,,,,,,,,,,,,,,,,,,,,,,,,,,,,,,,,,,,,,,,,
,,,,,,,,,,,,,,,,,,,,,,,,,,,,,,,,,,,,,,,,,,,
,,,,,,,,,,,,,,,,,,,,,,,,,,,,,,,,,,,,,,,,,,,https://ja.wikipedia.org/wiki/%E3%83%AA%E3%83%B4%E3%82%A1%E3%83%BC%E3%83%9E%E3%83%B3
,,,,,,,,,,,,,,,,,,,,,,,,,,,,,,,,,,,,,,,,,,,
,,,,,,,,,,,,,,,,,,,,,,,,,,,,,,,,,,,,,,,,,,,https://ja.wikipedia.org/wiki/Roi Herode
,,,,,,,,,,,,,,,,,,,,,,,,,,,,,,,,,,,,,,,,,,,
,,,,,,,,,,,,,,,,,,,,,,,,,,,,,,,,,,,,,,,,,,,
,,,,,,,,,,,,,,,,,,,,,,,,,,,,,,,,,,,,,,,,,,,
,,,,,,,,,,,,,,,,,,,,,,,,,,,,,,,,,,,,,,,,,,,https://ja.wikipedia.org/wiki/Rose Prince
,,,,,,,,,,,,,,,,,,,,,,,,,,,,,,,,,,,,,,,,,,,
,,,,,,,,,,,,,,,,,,,,,,,,,,,,,,,,,,,,,,,,,,,
,,,,,,,,,,,,,,,,,,,,,,,,,,,,,,,,,,,,,,,,,,,
,,,,,,,,,,,,,,,,,,,,,,,,,,,,,,,,,,,,,,,,,,,
,,,,,,,,,,,,,,,,,,,,,,,,,,,,,,,,,,,,,,,,,,,
,,,,,,,,,,,,,,,,,,,,,,,,,,,,,,,,,,,,,,,,,,,
,,,,,,,,,,,,,,,,,,,,,,,,,,,,,,,,,,,,,,,,,,,
,,,,,,,,,,,,,,,,,,,,,,,,,,,,,,,,,,,,,,,,,,,
,,,,,,,,,,,,,,,,,,,,,,,,,,,,,,,,,,,,,,,,,,,https://ja.wikipedia.org/wiki/%E3%83%AD%E3%82%A4%E3%83%A4%E3%83%AB%E3%83%81%E3%83%A3%E3%83%BC%E3%82%B8%E3%83%A3%E3%83%BC
,,,,,,,,,,,,,,,,,,,,,,,,,,,,,,,,,,,,,,,,,,,
,,,,,,,,,,,,,,,,,,,,,,,,,,,,,,,,,,,,,,,,,,,https://ja.wikipedia.org/wiki/Sadler's Wells
,,,,,,,,,,,,,,,,,,,,,,,,,,,,,,,,,,,,,,,,,,,
,,,,,,,,,,,,,,,,,,,,,,,,,,,,,,,,,,,,,,,,,,,
,,,,,,,,,,,,,,,,,,,,,,,,,,,,,,,,,,,,,,,,,,,https://ja.wikipedia.org/wiki/Sanctus
,,,,,,,,,,,,,,,,,,,,,,,,,,,,,,,,,,,,,,,,,,,
,,,,,,,,,,,,,,,,,,,,,,,,,,,,,,,,,,,,,,,,,,,
,,,,,,,,,,,,,,,,,,,,,,,,,,,,,,,,,,,,,,,,,,,
,,,,,,,,,,,,,,,,,,,,,,,,,,,,,,,,,,,,,,,,,,,
,,,,,,,,,,,,,,,,,,,,,,,,,,,,,,,,,,,,,,,,,,,
,,,,,,,,,,,,,,,,,,,,,,,,,,,,,,,,,,,,,,,,,,,
,,,,,,,,,,,,,,,,,,,,,,,,,,,,,,,,,,,,,,,,,,,
,,,,,,,,,,,,,,,,,,,,,,,,,,,,,,,,,,,,,,,,,,,
,,,,,,,,,,,,,,,,,,,,,,,,,,,,,,,,,,,,,,,,,,,
,,,,,,,,,,,,,,,,,,,,,,,,,,,,,,,,,,,,,,,,,,,
,,,,,,,,,,,,,,,,,,,,,,,,,,,,,,,,,,,,,,,,,,,
,,,,,,,,,,,,,,,,,,,,,,,,,,,,,,,,,,,,,,,,,,,
,,,,,,,,,,,,,,,,,,,,,,,,,,,,,,,,,,,,,,,,,,,
,,,,,,,,,,,,,,,,,,,,,,,,,,,,,,,,,,,,,,,,,,,
,,,,,,,,,,,,,,,,,,,,,,,,,,,,,,,,,,,,,,,,,,,
,,,,,,,,,,,,,,,,,,,,,,,,,,,,,,,,,,,,,,,,,,,
,,,,,,,,,,,,,,,,,,,,,,,,,,,,,,,,,,,,,,,,,,,
,,,,,,,,,,,,,,,,,,,,,,,,,,,,,,,,,,,,,,,,,,,
,,,,,,,,,,,,,,,,,,,,,,,,,,,,,,,,,,,,,,,,,,,
,,,,,,,,,,,,,,,,,,,,,,,,,,,,,,,,,,,,,,,,,,,https://ja.wikipedia.org/wiki/Sir Gaylord
,,,,,,,,,,,,,,,,,,,,,,,,,,,,,,,,,,,,,,,,,,,https://ja.wikipedia.org/wiki/Sir Hercules
,,,,,,,,,,,,,,,,,,,,,,,,,,,,,,,,,,,,,,,,,,,
,,,,,,,,,,,,,,,,,,,,,,,,,,,,,,,,,,,,,,,,,,,
,,,,,,,,,,,,,,,,,,,,,,,,,,,,,,,,,,,,,,,,,,,
,,,,,,,,,,,,,,,,,,,,,,,,,,,,,,,,,,,,,,,,,,,https://ja.wikipedia.org/wiki/Snake Mare
,,,,,,,,,,,,,,,,,,,,,,,,,,,,,,,,,,,,,,,,,,,
,,,,,,,,,,,,,,,,,,,,,,,,,,,,,,,,,,,,,,,,,,,
,,,,,,,,,,,,,,,,,,,,,,,,,,,,,,,,,,,,,,,,,,,
,,,,,,,,,,,,,,,,,,,,,,,,,,,,,,,,,,,,,,,,,,,
,,,,,,,,,,,,,,,,,,,,,,,,,,,,,,,,,,,,,,,,,,,
,,,,,,,,,,,,,,,,,,,,,,,,,,,,,,,,,,,,,,,,,,,https://ja.wikipedia.org/wiki/%E3%82%B5%E3%83%B3%E3%82%A4%E3%83%B3%E3%83%AD%E3%83%BC
,,,,,,,,,,,,,,,,,,,,,,,,,,,,,,,,,,,,,,,,,,,https://ja.wikipedia.org/wiki/%E3%82%BD%E3%83%BC%E3%82%B5%E3%83%A9%E3%83%BC_(%E7%AB%B6%E8%B5%B0%E9%A6%AC)
,,,,,,,,,,,,,,,,,,,,,,,,,,,,,,,,,,,,,,,,,,,
,,,,,,,,,,,,,,,,,,,,,,,,,,,,,,,,,,,,,,,,,,,
,,,,,,,,,,,,,,,,,,,,,,,,,,,,,,,,,,,,,,,,,,,
,,,,,,,,,,,,,,,,,,,,,,,,,,,,,,,,,,,,,,,,,,,
,,,,,,,,,,,,,,,,,,,,,,,,,,,,,,,,,,,,,,,,,,,https://ja.wikipedia.org/wiki/%E3%82%B9%E3%83%9A%E3%83%B3%E3%83%89%E3%82%B9%E3%83%AA%E3%83%95%E3%83%88
,,,,,,,,,,,,,,,,,,,,,,,,,,,,,,,,,,,,,,,,,,,
,,,,,,,,,,,,,,,,,,,,,,,,,,,,,,,,,,,,,,,,,,,
,,,,,,,,,,,,,,,,,,,,,,,,,,,,,,,,,,,,,,,,,,,
,,,,,,,,,,,,,,,,,,,,,,,,,,,,,,,,,,,,,,,,,,,
,,,,,,,,,,,,,,,,,,,,,,,,,,,,,,,,,,,,,,,,,,,https://ja.wikipedia.org/wiki/%E3%82%B9%E3%82%AF%E3%83%AF%E3%83%BC%E3%83%88_(%E7%AB%B6%E8%B5%B0%E9%A6%AC)
,,,,,,,,,,,,,,,,,,,,,,,,,,,,,,,,,,,,,,,,,,,
,,,,,,,,,,,,,,,,,,,,,,,,,,,,,,,,,,,,,,,,,,,
,,,,,,,,,,,,,,,,,,,,,,,,,,,,,,,,,,,,,,,,,,,
,,,,,,,,,,,,,,,,,,,,,,,,,,,,,,,,,,,,,,,,,,,
,,,,,,,,,,,,,,,,,,,,,,,,,,,,,,,,,,,,,,,,,,,https://ja.wikipedia.org/wiki/%E3%82%B9%E3%83%88%E3%83%83%E3%82%AF%E3%82%A6%E3%82%A7%E3%83%AB_(%E7%AB%B6%E8%B5%B0%E9%A6%AC)
,,,,,,,,,,,,,,,,,,,,,,,,,,,,,,,,,,,,,,,,,,,
,,,,,,,,,,,,,,,,,,,,,,,,,,,,,,,,,,,,,,,,,,,
,,,,,,,,,,,,,,,,,,,,,,,,,,,,,,,,,,,,,,,,,,,https://ja.wikipedia.org/wiki/%E3%82%B5%E3%83%AB%E3%82%BF%E3%83%B3_(%E7%AB%B6%E8%B5%B0%E9%A6%AC)
,,,,,,,,,,,,,,,,,,,,,,,,,,,,,,,,,,,,,,,,,,,https://ja.wikipedia.org/wiki/Summer Squall
,,,,,,,,,,,,,,,,,,,,,,,,,,,,,,,,,,,,,,,,,,,
,,,,,,,,,,,,,,,,,,,,,,,,,,,,,,,,,,,,,,,,,,,
,,,,,,,,,,,,,,,,,,,,,,,,,,,,,,,,,,,,,,,,,,,
,,,,,,,,,,,,,,,,,,,,,,,,,,,,,,,,,,,,,,,,,,,
,,,,,,,,,,,,,,,,,,,,,,,,,,,,,,,,,,,,,,,,,,,
,,,,,,,,,,,,,,,,,,,,,,,,,,,,,,,,,,,,,,,,,,,
,,,,,,,,,,,,,,,,,,,,,,,,,,,,,,,,,,,,,,,,,,,
,,,,,,,,,,,,,,,,,,,,,,,,,,,,,,,,,,,,,,,,,,,
,,,,,,,,,,,,,,,,,,,,,,,,,,,,,,,,,,,,,,,,,,,
,,,,,,,,,,,,,,,,,,,,,,,,,,,,,,,,,,,,,,,,,,,
,,,,,,,,,,,,,,,,,,,,,,,,,,,,,,,,,,,,,,,,,,,
,,,,,,,,,,,,,,,,,,,,,,,,,,,,,,,,,,,,,,,,,,,https://ja.wikipedia.org/wiki/Tetratema
,,,,,,,,,,,,,,,,,,,,,,,,,,,,,,,,,,,,,,,,,,,
,,,,,,,,,,,,,,,,,,,,,,,,,,,,,,,,,,,,,,,,,,,https://ja.wikipedia.org/wiki/%E3%82%B6%E3%83%90%E3%83%AD%E3%83%B3
,,,,,,,,,,,,,,,,,,,,,,,,,,,,,,,,,,,,,,,,,,,https://ja.wikipedia.org/wiki/%E3%82%B6%E3%83%95%E3%83%A9%E3%82%A4%E3%83%B3%E3%82%B0%E3%83%80%E3%83%83%E3%83%81%E3%83%9E%E3%83%B3
,,,,,,,,,,,,,,,,,,,,,,,,,,,,,,,,,,,,,,,,,,,
,,,,,,,,,,,,,,,,,,,,,,,,,,,,,,,,,,,,,,,,,,,
,,,,,,,,,,,,,,,,,,,,,,,,,,,,,,,,,,,,,,,,,,,
,,,,,,,,,,,,,,,,,,,,,,,,,,,,,,,,,,,,,,,,,,,https://ja.wikipedia.org/wiki/Thormanby
,,,,,,,,,,,,,,,,,,,,,,,,,,,,,,,,,,,,,,,,,,,
,,,,,,,,,,,,,,,,,,,,,,,,,,,,,,,,,,,,,,,,,,,
,,,,,,,,,,,,,,,,,,,,,,,,,,,,,,,,,,,,,,,,,,,
,,,,,,,,,,,,,,,,,,,,,,,,,,,,,,,,,,,,,,,,,,,https://ja.wikipedia.org/wiki/Topsider
,,,,,,,,,,,,,,,,,,,,,,,,,,,,,,,,,,,,,,,,,,,https://ja.wikipedia.org/wiki/%E3%82%BF%E3%83%83%E3%83%81%E3%82%B9%E3%83%88%E3%83%B3
,,,,,,,,,,,,,,,,,,,,,,,,,,,,,,,,,,,,,,,,,,,https://ja.wikipedia.org/wiki/%E3%83%88%E3%82%A6%E3%83%AB%E3%83%93%E3%83%A8%E3%83%B3_(%E7%AB%B6%E8%B5%B0%E9%A6%AC)
,,,,,,,,,,,,,,,,,,,,,,,,,,,,,,,,,,,,,,,,,,,
,,,,,,,,,,,,,,,,,,,,,,,,,,,,,,,,,,,,,,,,,,,
,,,,,,,,,,,,,,,,,,,,,,,,,,,,,,,,,,,,,,,,,,,
,,,,,,,,,,,,,,,,,,,,,,,,,,,,,,,,,,,,,,,,,,,https://ja.wikipedia.org/wiki/%E3%82%BF%E3%83%BC%E3%83%B3%E3%83%88%E3%82%A5
,,,,,,,,,,,,,,,,,,,,,,,,,,,,,,,,,,,,,,,,,,,https://ja.wikipedia.org/wiki/Unbreakable
,,,,,,,,,,,,,,,,,,,,,,,,,,,,,,,,,,,,,,,,,,,
,,,,,,,,,,,,,,,,,,,,,,,,,,,,,,,,,,,,,,,,,,,
,,,,,,,,,,,,,,,,,,,,,,,,,,,,,,,,,,,,,,,,,,,
,,,,,,,,,,,,,,,,,,,,,,,,,,,,,,,,,,,,,,,,,,,
,,,,,,,,,,,,,,,,,,,,,,,,,,,,,,,,,,,,,,,,,,,https://ja.wikipedia.org/wiki/Vandale
,,,,,,,,,,,,,,,,,,,,,,,,,,,,,,,,,,,,,,,,,,,
,,,,,,,,,,,,,,,,,,,,,,,,,,,,,,,,,,,,,,,,,,,
,,,,,,,,,,,,,,,,,,,,,,,,,,,,,,,,,,,,,,,,,,,
,,,,,,,,,,,,,,,,,,,,,,,,,,,,,,,,,,,,,,,,,,,
,,,,,,,,,,,,,,,,,,,,,,,,,,,,,,,,,,,,,,,,,,,
,,,,,,,,,,,,,,,,,,,,,,,,,,,,,,,,,,,,,,,,,,,
,,,,,,,,,,,,,,,,,,,,,,,,,,,,,,,,,,,,,,,,,,,https://ja.wikipedia.org/wiki/Vice Regent
,,,,,,,,,,,,,,,,,,,,,,,,,,,,,,,,,,,,,,,,,,,
,,,,,,,,,,,,,,,,,,,,,,,,,,,,,,,,,,,,,,,,,,,
,,,,,,,,,,,,,,,,,,,,,,,,,,,,,,,,,,,,,,,,,,,
,,,,,,,,,,,,,,,,,,,,,,,,,,,,,,,,,,,,,,,,,,,
,,,,,,,,,,,,,,,,,,,,,,,,,,,,,,,,,,,,,,,,,,,
,,,,,,,,,,,,,,,,,,,,,,,,,,,,,,,,,,,,,,,,,,,
,,,,,,,,,,,,,,,,,,,,,,,,,,,,,,,,,,,,,,,,,,,
,,,,,,,,,,,,,,,,,,,,,,,,,,,,,,,,,,,,,,,,,,,
,,,,,,,,,,,,,,,,,,,,,,,,,,,,,,,,,,,,,,,,,,,https://ja.wikipedia.org/wiki/Voltigeur
,,,,,,,,,,,,,,,,,,,,,,,,,,,,,,,,,,,,,,,,,,,
,,,,,,,,,,,,,,,,,,,,,,,,,,,,,,,,,,,,,,,,,,,
,,,,,,,,,,,,,,,,,,,,,,,,,,,,,,,,,,,,,,,,,,,https://ja.wikipedia.org/wiki/%E3%82%A6%E3%82%A9%E3%83%BC%E3%83%AC%E3%83%AA%E3%83%83%E3%82%AF
,,,,,,,,,,,,,,,,,,,,,,,,,,,,,,,,,,,,,,,,,,,https://ja.wikipedia.org/wiki/Waxy
,,,,,,,,,,,,,,,,,,,,,,,,,,,,,,,,,,,,,,,,,,,
,,,,,,,,,,,,,,,,,,,,,,,,,,,,,,,,,,,,,,,,,,,https://ja.wikipedia.org/wiki/%E3%82%A6%E3%82%A7%E3%82%B9%E3%83%88%E3%82%AA%E3%83%BC%E3%82%B9%E3%83%88%E3%83%A9%E3%83%AA%E3%82%A2%E3%83%B3_(%E7%AB%B6%E8%B5%B0%E9%A6%AC)
,,,,,,,,,,,,,,,,,,,,,,,,,,,,,,,,,,,,,,,,,,,https://ja.wikipedia.org/wiki/%E3%83%9B%E3%82%A8%E3%83%BC%E3%83%AB%E3%83%9C%E3%83%BC%E3%83%B3
,,,,,,,,,,,,,,,,,,,,,,,,,,,,,,,,,,,,,,,,,,,
,,,,,,,,,,,,,,,,,,,,,,,,,,,,,,,,,,,,,,,,,,,https://ja.wikipedia.org/wiki/Wild Again
,,,,,,,,,,,,,,,,,,,,,,,,,,,,,,,,,,,,,,,,,,,
,,,,,,,,,,,,,,,,,,,,,,,,,,,,,,,,,,,,,,,,,,,
,,,,,,,,,,,,,,,,,,,,,,,,,,,,,,,,,,,,,,,,,,,
,,,,,,,,,,,,,,,,,,,,,,,,,,,,,,,,,,,,,,,,,,,
,,,,,,,,,,,,,,,,,,,,,,,,,,,,,,,,,,,,,,,,,,,
,,,,,,,,,,,,,,,,,,,,,,,,,,,,,,,,,,,,,,,,,,,
,,,,,,,,,,,,,,,,,,,,,,,,,,,,,,,,,,,,,,,,,,,
,,,,,,,,,,,,,,,,,,,,,,,,,,,,,,,,,,,,,,,,,,,
,,,,,,,,,,,,,,,,,,,,,,,,,,,,,,,,,,,,,,,,,,,
,,,,,,,,,,,,,,,,,,,,,,,,,,,,,,,,,,,,,,,,,,,
,,,,,,,,,,,,,,,,,,,,,,,,,,,,,,,,,,,,,,,,,,,
,,,,,,,,,,,,,,,,,,,,,,,,,,,,,,,,,,,,,,,,,,,https://ja.wikipedia.org/wiki/カンパラ
,,,,,,,,,,,,,,,,,,,,,,,,,,,,,,,,,,,,,,,,,,,
,,,,,,,,,,,,,,,,,,,,,,,,,,,,,,,,,,,,,,,,,,,https://ja.wikipedia.org/wiki/サンデーサイレンス
,,,,,,,,,,,,,,,,,,,,,,,,,,,,,,,,,,,,,,,,,,,https://ja.wikipedia.org/wiki/スティールハート
,,,,,,,,,,,,,,,,,,,,,,,,,,,,,,,,,,,,,,,,,,,
,,,,,,,,,,,,,,,,,,,,,,,,,,,,,,,,,,,,,,,,,,,
,,,,,,,,,,,,,,,,,,,,,,,,,,,,,,,,,,,,,,,,,,,https://ja.wikipedia.org/wiki/ゼダーン
,,,,,,,,,,,,,,,,,,,,,,,,,,,,,,,,,,,,,,,,,,,
,,,,,,,,,,,,,,,,,,,,,,,,,,,,,,,,,,,,,,,,,,,https://ja.wikipedia.org/wiki/ダンディルート
,,,,,,,,,,,,,,,,,,,,,,,,,,,,,,,,,,,,,,,,,,,
,,,,,,,,,,,,,,,,,,,,,,,,,,,,,,,,,,,,,,,,,,,https://ja.wikipedia.org/wiki/テスコボーイ
,,,,,,,,,,,,,,,,,,,,,,,,,,,,,,,,,,,,,,,,,,,
,,,,,,,,,,,,,,,,,,,,,,,,,,,,,,,,,,,,,,,,,,,https://ja.wikipedia.org/wiki/トキノミノル
,,,,,,,,,,,,,,,,,,,,,,,,,,,,,,,,,,,,,,,,,,,
,,,,,,,,,,,,,,,,,,,,,,,,,,,,,,,,,,,,,,,,,,,
,,,,,,,,,,,,,,,,,,,,,,,,,,,,,,,,,,,,,,,,,,,https://ja.wikipedia.org/wiki/パーソロン
,,,,,,,,,,,,,,,,,,,,,,,,,,,,,,,,,,,,,,,,,,,
,,,,,,,,,,,,,,,,,,,,,,,,,,,,,,,,,,,,,,,,,,,https://ja.wikipedia.org/wiki/フォーティナイナー
,,,,,,,,,,,,,,,,,,,,,,,,,,,,,,,,,,,,,,,,,,,https://ja.wikipedia.org/wiki/フレンチデピュティ
,,,,,,,,,,,,,,,,,,,,,,,,,,,,,,,,,,,,,,,,,,,https://ja.wikipedia.org/wiki/%E3%83%96%E3%83%A9%E3%82%A4%E3%82%A2%E3%83%B3%E3%82%BA%E3%82%BF%E3%82%A4%E3%83%A0
,,,,,,,,,,,,,,,,,,,,,,,,,,,,,,,,,,,,,,,,,,,https://ja.wikipedia.org/wiki/ポツセ
,,,,,,,,,,,,,,,,,,,,,,,,,,,,,,,,,,,,,,,,,,,https://ja.wikipedia.org/wiki/%E3%82%B5%E3%83%BC%E3%83%8F%E3%83%BC%E3%82%AD%E3%83%A5%E3%83%AA%E3%83%BC%E3%82%BA
,,,,,,,,,,,,,,,,,,,,,,,,,,,,,,,,,,,,,,,,,,,https://ja.wikipedia.org/wiki/メジロサンマン
,,,,,,,,,,,,,,,,,,,,,,,,,,,,,,,,,,,,,,,,,,,https://ja.wikipedia.org/wiki/ラストタイクーン
,,,,,,,,,,,,,,,,,,,,,,,,,,,,,,,,,,,,,,,,,,,https://ja.wikipedia.org/wiki/リィフォー
