名前,父,父父,父母,母,母父,母母,ウマ娘順,サイゲURL,wikiURL
スペシャルウィーク,サンデーサイレンス,Halo,Wishing_Well,キャンペンガール,マルゼンスキー,レディーシラオキ,1,https://umamusume.jp/character/specialweek,https://ja.wikipedia.org/wiki/スペシャルウィーク
サイレンススズカ,サンデーサイレンス,Halo,Wishing_Well,ワキア,Miswaki,Rascal_Rascal,2,https://umamusume.jp/character/silencesuzuka,https://ja.wikipedia.org/wiki/サイレンススズカ
トウカイテイオー,シンボリルドルフ,パーソロン,スイートルナ,トウカイナチュラル,ナイスダンサー,トウカイミドリ,3,https://umamusume.jp/character/tokaiteio,https://ja.wikipedia.org/wiki/トウカイテイオー
マルゼンスキー,Nijinsky,Northern_Dancer,Flaming_Page,シル,Buckpasser,Quill,4,https://umamusume.jp/character/maruzensky,https://ja.wikipedia.org/wiki/マルゼンスキー
フジキセキ,サンデーサイレンス,Halo,Wishing_Well,ミルレーサー,Le_Fabuleux,Marston's_Mill,5,https://umamusume.jp/character/fujikiseki,https://ja.wikipedia.org/wiki/フジキセキ
オグリキャップ,ダンシングキャップ,Native_Dancer,Merry_Madcap,ホワイトナルビー,シルバーシャーク,ネヴアーナルビー,6,https://umamusume.jp/character/oguricap,https://ja.wikipedia.org/wiki/オグリキャップ
ゴールドシップ,ステイゴールド,サンデーサイレンス,ゴールデンサッシュ,ポイントフラッグ,メジロマックイーン,パストラリズム,7,https://umamusume.jp/character/goldship,https://ja.wikipedia.org/wiki/ゴールドシップ
ウオッカ,タニノギムレット,ブライアンズタイム,タニノクリスタル,タニノシスター,ルション,エナジートウショウ,8,https://umamusume.jp/character/vodka,https://ja.wikipedia.org/wiki/ウオッカ
ダイワスカーレット,アグネスタキオン,サンデーサイレンス,アグネスフローラ,スカーレットブーケ,ノーザンテースト,スカーレットインク,9,https://umamusume.jp/character/daiwascarlet,https://ja.wikipedia.org/wiki/ダイワスカーレット
タイキシャトル,Devil's_Bag,Halo,Ballade,ウェルシュマフィン,Caerleon,Muffitys,10,https://umamusume.jp/character/taikishuttle,https://ja.wikipedia.org/wiki/タイキシャトル
グラスワンダー,Silver_Hawk,Roberto,Gris_Vitesse,Ameriflora,Danzig,Graceful_Touch,11,https://umamusume.jp/character/grasswonder,https://ja.wikipedia.org/wiki/グラスワンダー
ヒシアマゾン,Theatrical,Nureyev,ツリーオブノレッジ,Katies,ノノアルコ,Mortefontaine,12,https://umamusume.jp/character/hishiamazon,https://ja.wikipedia.org/wiki/ヒシアマゾン
メジロマックイーン,メジロティターン,メジロアサマ,シエリル,メジロオーロラ,リマンド,メジロアイリス,13,https://umamusume.jp/character/mejiromcqueen,https://ja.wikipedia.org/wiki/メジロマックイーン
エルコンドルパサー,Kingmambo,Mr._Prospector,Miesque,サドラーズギャル,Sadler's_Wells,Glenveagh,14,https://umamusume.jp/character/elcondorpasa,https://ja.wikipedia.org/wiki/エルコンドルパサー
テイエムオペラオー,オペラハウス,Sadler's_Wells,Colorspin,ワンスウエド,Blushing_Groom,Noura,15,https://umamusume.jp/character/tmoperao,https://ja.wikipedia.org/wiki/テイエムオペラオー
ナリタブライアン,ブライアンズタイム,Roberto,Kelley's_Day,パシフィカス,Northern_Dancer,Pacific_Princess,16,https://umamusume.jp/character/naritabrian,https://ja.wikipedia.org/wiki/ナリタブライアン
シンボリルドルフ,パーソロン,Milesian,Paleo,スイートルナ,スピードシンボリ,ダンスタイム,17,https://umamusume.jp/character/symbolirudolf,https://ja.wikipedia.org/wiki/シンボリルドルフ
エアグルーヴ,トニービン,カンパラ,Severn_Bridge,ダイナカール,ノーザンテースト,シャダイフェザー,18,https://umamusume.jp/character/airgroove,https://ja.wikipedia.org/wiki/エアグルーヴ
アグネスデジタル,Crafty_Prospector,Mr._Prospector,Real_Crafty_Lady,Chancey_Squaw,Chief's_Crown,Allicance,19,https://umamusume.jp/character/agnesdigital,https://ja.wikipedia.org/wiki/アグネスデジタル
タマモクロス,シービークロス,フォルティノ,ズイシヨウ,グリーンシャトー,シャトーゲイ,クインビー,20,https://umamusume.jp/character/tamamocross,https://ja.wikipedia.org/wiki/タマモクロス
セイウンスカイ,シェリフズスター,ポツセ,Castle_Moon,シスターミル,ミルジョージ,スイトアンジュレ,21,https://umamusume.jp/character/seiunsky,https://ja.wikipedia.org/wiki/セイウンスカイ
ファインモーション,デインヒル,Danzig,Razyana,Cocotte,Troy,Gay_Milly,22,https://umamusume.jp/character/finemotion,https://ja.wikipedia.org/wiki/ファインモーション
ビワハヤヒデ,シャルード,Caro,Angel_Island,パシフィカス,Northern_Dancer,Pacific_Princess,23,https://umamusume.jp/character/biwahayahide,https://ja.wikipedia.org/wiki/ビワハヤヒデ
マヤノトップガン,ブライアンズタイム,Roberto,Kelley's_Day,アルプミープリーズ,Blushing_Groom,Swiss,24,https://umamusume.jp/character/mayanotopgun,https://ja.wikipedia.org/wiki/マヤノトップガン
マンハッタンカフェ,サンデーサイレンス,Halo,Wishing_Well,サトルチェンジ,Law_Society,Santa_Luciana,25,https://umamusume.jp/character/manhattancafe,https://ja.wikipedia.org/wiki/マンハッタンカフェ
ミホノブルボン,マグニテュード,Mill_Reef,Altesse_Royale,カツミエコー,シャレー,ハイフレーム,26,https://umamusume.jp/character/mihonobourbon,https://ja.wikipedia.org/wiki/ミホノブルボン
メジロライアン,アンバーシャダイ,ノーザンテースト,クリアアンバー,メジロチェイサー,メジロサンマン,シエリル,27,https://umamusume.jp/character/mejiroryan,https://ja.wikipedia.org/wiki/メジロライアン
ヒシアケボノ,Woodman,Mr._Prospector,プレイメイト,Mysteries,Seattle_Slew,Phydilla,28,https://umamusume.jp/character/hishiakebono,https://ja.wikipedia.org/wiki/ヒシアケボノ
ユキノビジン,サクラユタカオー,テスコボーイ,アンジェリカ,ファティマ,ロイヤルスキー,ビューティワン,29,https://umamusume.jp/character/yukinobijin,https://ja.wikipedia.org/wiki/ユキノビジン
ライスシャワー,リアルシャダイ,Roberto,Desert_Vixen,ライラックポイント,マルゼンスキー,クリカツラ,30,https://umamusume.jp/character/riceshower,https://ja.wikipedia.org/wiki/ライスシャワー
アイネスフウジン,シーホーク,Herbager,Sea_Nymph,テスコパール,テスコボーイ,ムツミパール,31,https://umamusume.jp/character/inesfujin,https://ja.wikipedia.org/wiki/アイネスフウジン
アグネスタキオン,サンデーサイレンス,Halo,Wishing_Well,アグネスフローラ,ロイヤルスキー,アグネスレディー,32,https://umamusume.jp/character/agnestachyon,https://ja.wikipedia.org/wiki/アグネスタキオン
アドマイヤベガ,サンデーサイレンス,Halo,Wishing_Well,ベガ,トニービン,アンティックヴァリュー,33,https://umamusume.jp/character/admirevega,https://ja.wikipedia.org/wiki/アドマイヤベガ
イナリワン,ミルジョージ,Mill_Reef,Miss_Charisma,テイトヤシマ,ラークスパー,ヤシマジェット,34,https://umamusume.jp/character/inarione,https://ja.wikipedia.org/wiki/イナリワン
ウイニングチケット,トニービン,カンパラ,Severn_Bridge,パワフルレディ,マルゼンスキー,ロッチテスコ,35,https://umamusume.jp/character/winningticket,https://ja.wikipedia.org/wiki/ウイニングチケット
エアシャカール,サンデーサイレンス,Halo,Wishing_Well,アイドリームドアドリーム,Well_Decorated,Hidden_Trail,36,https://umamusume.jp/character/airshakur,https://ja.wikipedia.org/wiki/エアシャカール
エイシンフラッシュ,キングズベスト,Kingmambo,Allegretta,ムーンレディ,プラティニ,Midnight_Fever,37,https://umamusume.jp/character/eishinflash,https://ja.wikipedia.org/wiki/エイシンフラッシュ
カレンチャン,クロフネ,フレンチデピュティ,ブルーアヴェニュー,スプリングチケット,トニービン,カズミハルコマ,38,https://umamusume.jp/character/currenchan,https://ja.wikipedia.org/wiki/カレンチャン
カワカミプリンセス,キングヘイロー,ダンシングブレーヴ,グッバイヘイロー,タカノセクレタリー,Seattle_Slew,Summer_Secretary,39,https://umamusume.jp/character/kawakamiprincess,https://ja.wikipedia.org/wiki/カワカミプリンセス
ゴールドシチー,ヴァイスリーガル,Northern_Dancer,Victoria_Regina,イタリアンシチー,テスコボーイ,リンネス,40,https://umamusume.jp/character/goldcity,https://ja.wikipedia.org/wiki/ゴールドシチー
サクラバクシンオー,サクラユタカオー,テスコボーイ,アンジェリカ,サクラハゴロモ,ノーザンテースト,クリアアンバー,41,https://umamusume.jp/character/sakurabakushino,https://ja.wikipedia.org/wiki/サクラバクシンオー
シーキングザパール,Seeking_the_Gold,Mr._Prospector,Con_Game,ページプルーフ,Seattle_Slew,バーブスボールド,42,https://umamusume.jp/character/seekingthepearl,https://ja.wikipedia.org/wiki/シーキングザパール
シンコウウインディ,デュラブ,Topsider,Passerine,ローズコマンダー,ダストコマンダー,ハマヒリュウ,43,https://umamusume.jp/character/shinkowindy,https://ja.wikipedia.org/wiki/シンコウウインディ
スイープトウショウ,エンドスウィープ,フォーティナイナー,Broom_Dance,タバサトウショウ,ダンシングブレーヴ,サマンサトウショウ,44,https://umamusume.jp/character/sweeptosho,https://ja.wikipedia.org/wiki/スイープトウショウ
スーパークリーク,ノーアテンション,Green_Dancer,No_No_Nanette,ナイスデイ,インターメゾ,サチノヒメ,45,https://umamusume.jp/character/supercreek,https://ja.wikipedia.org/wiki/スーパークリーク
スマートファルコン,ゴールドアリュール,サンデーサイレンス,ニキーヤ,ケイシュウハーブ,ミシシッピアン,キョウエイシラユキ,46,https://umamusume.jp/character/smartfalcon,https://ja.wikipedia.org/wiki/スマートファルコン
ゼンノロブロイ,サンデーサイレンス,Halo,Wishing_Well,ローミンレイチェル,マイニング,One_Smart_Lady,47,https://umamusume.jp/character/zennorobroy,https://ja.wikipedia.org/wiki/ゼンノロブロイ
ナカヤマフェスタ,ステイゴールド,サンデーサイレンス,ゴールデンサッシュ,ディアウィンク,タイトスポット,セイレイ,48,https://umamusume.jp/character/nakayamafesta,https://ja.wikipedia.org/wiki/ナカヤマフェスタ
トーセンジョーダン,ジャングルポケット,トニービン,ダンスチャーマー,エヴリウィスパー,ノーザンテースト,クラフテイワイフ,49,https://umamusume.jp/character/tosenjordan,https://ja.wikipedia.org/wiki/トーセンジョーダン
ナリタタイシン,リヴリア,Riverman,Dahlia,タイシンリリィ,ラディガ,インターラーケン,50,https://umamusume.jp/character/naritataishin,https://ja.wikipedia.org/wiki/ナリタタイシン
ニシノフラワー,Majestic_Light,Majestic_Prince,Irradiate,デユプリシト,Danzig,Fabulous_Fraud,51,https://umamusume.jp/character/nishinoflower,https://ja.wikipedia.org/wiki/ニシノフラワー
ハルウララ,ニッポーテイオー,リィフォー,チヨダマサコ,ヒロイン,ラッキーソブリン,ピアレスレデイ,52,https://umamusume.jp/character/haruurara,https://ja.wikipedia.org/wiki/ハルウララ
バンブーメモリー,モーニングフローリック,Grey_Dawn,Timely_Affair,マドンナバンブー,モバリッズ,ニンバスバンブー,53,https://umamusume.jp/character/bamboomemory,https://ja.wikipedia.org/wiki/バンブーメモリー
ビコーペガサス,Danzig,Northern_Dancer,Pas_de_Nom,Condessa,Condorcet,Varinessa,54,https://umamusume.jp/character/bikopegasus,https://ja.wikipedia.org/wiki/ビコーペガサス
マーベラスサンデー,サンデーサイレンス,Halo,Wishing_Well,モミジダンサー,ヴァイスリーガル,モミジII,55,https://umamusume.jp/character/marveloussunday,https://ja.wikipedia.org/wiki/マーベラスサンデー
マチカネフクキタル,クリスタルグリッターズ,Blushing_Groom,Tales_to_Tell,アテナトウショウ,トウショウボーイ,グレイトウショウ,56,https://umamusume.jp/character/matikanefukukitaru,https://ja.wikipedia.org/wiki/マチカネフクキタル
ミスターシービー,トウショウボーイ,テスコボーイ,ソシアルバターフライ,シービークイン,トピオ,メイドウ,57,https://umamusume.jp/character/mrcb,https://ja.wikipedia.org/wiki/ミスターシービー
メイショウドトウ,Bigstone,ラストタイクーン,Batave,プリンセスリーマ,Affirmed,First_Fling,58,https://umamusume.jp/character/meishodoto,https://ja.wikipedia.org/wiki/メイショウドトウ
メジロドーベル,メジロライアン,アンバーシャダイ,メジロチェイサー,メジロビューティー,パーソロン,メジロナガサキ,59,https://umamusume.jp/character/mejirodober,https://ja.wikipedia.org/wiki/メジロドーベル
ナイスネイチャ,ナイスダンサー,Northern_Dancer,Nice_Princess,ウラカワミユキ,ハビトニー,ケンマルミドリ,60,https://umamusume.jp/character/nicenature,https://ja.wikipedia.org/wiki/ナイスネイチャ
キングヘイロー,ダンシングブレーヴ,Lyphard,Navajo_Princess,グッバイヘイロー,Halo,Pound_Foolish,61,https://umamusume.jp/character/kinghalo,https://ja.wikipedia.org/wiki/キングヘイロー
マチカネタンホイザ,ノーザンテースト,Northern_Dancer,Lady_Victoria,クリプシー,アローエクスプレス,モンタロッチ,62,https://umamusume.jp/character/matikanetannhauser,https://ja.wikipedia.org/wiki/マチカネタンホイザ
イクノディクタス,ディクタス,Sanctus,Doronic,ダイナランディング,ノーザンテースト,ナイスランディング,63,https://umamusume.jp/character/ikunodictus,https://ja.wikipedia.org/wiki/イクノディクタス
メジロパーマー,メジロイーグル,メジロサンマン,アマゾンウォリアー,メジロファンタジー,ゲイメセン,プリンセスリファード,64,https://umamusume.jp/character/mejiropalmer,https://ja.wikipedia.org/wiki/メジロパーマー
ダイタクヘリオス,ビゼンニシキ,ダンディルート,ベニバナビゼン,ネヴアーイチバン,ネヴァービート,ミスナンバイチバン,65,https://umamusume.jp/character/daitakuhelios,https://ja.wikipedia.org/wiki/ダイタクヘリオス
ツインターボ,ライラリッジ,Lyphard,Riverside,レーシングジイーン,サンシー,マウタジョウオー,66,https://umamusume.jp/character/twinturbo,https://ja.wikipedia.org/wiki/ツインターボ
サトノダイヤモンド,ディープインパクト,サンデーサイレンス,ウインドインハーヘア,マルペンサ,Orpen,Marsella,67,https://umamusume.jp/character/satonodiamond,https://ja.wikipedia.org/wiki/サトノダイヤモンド
キタサンブラック,ブラックタイド,サンデーサイレンス,ウインドインハーヘア,シュガーハート,サクラバクシンオー,オトメゴコロ,68,https://umamusume.jp/character/kitasanblack,https://ja.wikipedia.org/wiki/キタサンブラック
メジロアルダン,アスワン,ノーザンテースト,リリーオブザナイル,メジロヒリュウ,ネヴァービート,アマゾンウォリアー,69,https://umamusume.jp/character/mejiroardan,https://ja.wikipedia.org/wiki/メジロアルダン
サクラチヨノオー,マルゼンスキー,Nijinsky,シル,サクラセダン,セダン,スワンズウッドグローヴ,70,https://umamusume.jp/character/sakurachiyonoo,https://ja.wikipedia.org/wiki/サクラチヨノオー
シリウスシンボリ,モガミ,Lyphard,ノーラック,スイートエプソム,パーソロン,シレトコ,71,https://umamusume.jp/character/siriussymboli,https://ja.wikipedia.org/wiki/シリウスシンボリ
ヤエノムテキ,ヤマニンスキー,Nijinsky,アンメンシヨナブル,ツルミスター,イエローゴッド,フジコウ,72,https://umamusume.jp/character/yaenomuteki,https://ja.wikipedia.org/wiki/ヤエノムテキ
メジロブライト,メジロライアン,アンバーシャダイ,メジロチェイサー,レールデュタン,マルゼンスキー,ケイツナミ,73,https://umamusume.jp/character/mejirobright,https://ja.wikipedia.org/wiki/メジロブライト
ナリタトップロード,サッカーボーイ,ディクタス,ダイナサッシュ,フローラルマジック,Affirmed,Rare_Lady,74,https://umamusume.jp/character/naritatoproad,https://ja.wikipedia.org/wiki/ナリタトップロード
ヤマニンゼファー,ニホンピロウイナー,スティールハート,ニホンピロエバート,ヤマニンポリシー,Blushing_Groom,ヤマホウユウ,75,https://umamusume.jp/character/yamaninzephyr,https://ja.wikipedia.org/wiki/ヤマニンゼファー
アストンマーチャン,アドマイヤコジーン,Cozzene,アドマイヤマカディ,ラスリングカプス,Woodman,フィールディ,76,https://umamusume.jp/character/astonmachan,https://ja.wikipedia.org/wiki/アストンマーチャン
サトノクラウン,Marju,ラストタイクーン,Flame_of_Tara,ジョコンダII,Rossini,La_Joconde,77,https://umamusume.jp/character/satonocrown,https://ja.wikipedia.org/wiki/サトノクラウン
シュヴァルグラン,ハーツクライ,サンデーサイレンス,アイリッシュダンス,ハルーワスウィート,Machiavellian,ハルーワソング,78,https://umamusume.jp/character/chevalgrand,https://ja.wikipedia.org/wiki/シュヴァルグラン
サクラローレル,Rainbow_Quest,Blushing_Groom,I_Will_Follow,ローラローラ,Saint_Cyrien,Bold_Lady,79,https://umamusume.jp/character/sakuralaurel,https://ja.wikipedia.org/wiki/サクラローレル
ツルマルツヨシ,シンボリルドルフ,パーソロン,スイートルナ,スィートシエロ,Conquistador_Cielo,Change_Water,80,https://umamusume.jp/character/tsurumarutsuyoshi,https://ja.wikipedia.org/wiki/ツルマルツヨシ
コパノリッキー,ゴールドアリュール,サンデーサイレンス,ニキーヤ,コパノニキータ,ティンバーカントリー,ニホンピロローズ,81,https://umamusume.jp/character/copanorickey,https://ja.wikipedia.org/wiki/コパノリッキー
シンボリクリスエス,Kris_S.,Roberto,Sharp_Queen,Tee_Kay,Gold_Meridian,Tri_Argo,82,https://umamusume.jp/character/symbolikriss,https://ja.wikipedia.org/wiki/シンボリクリスエス
タニノギムレット,ブライアンズタイム,Roberto,Kelley's_Day,タニノクリスタル,クリスタルパレス,タニノシーバード,83,https://umamusume.jp/character/taninogimlet,https://ja.wikipedia.org/wiki/タニノギムレット
デアリングタクト,エピファネイア,シンボリクリスエス,シーザリオ,デアリングバード,キングカメハメハ,デアリングハート,84,https://umamusume.jp/character/daringtact,https://ja.wikipedia.org/wiki/デアリングタクト
ホッコータルマエ,キングカメハメハ,Kingmambo,マンファス,マダムチェロキー,Cherokee_Run,アンフォイルド,85,https://umamusume.jp/character/hokkotarumae,https://ja.wikipedia.org/wiki/ホッコータルマエ
ワンダーアキュート,カリズマティック,Summer_Squall,Bali_Babe,ワンダーヘリテージ,Pleasant_Tap,Casa_Petrone,86,https://umamusume.jp/character/wonderacute,https://ja.wikipedia.org/wiki/ワンダーアキュート
ダイイチルビー,トウショウボーイ,テスコボーイ,ソシアルバターフライ,ハギノトップレディ,サンシー,イツトー,87,https://umamusume.jp/character/daiichiruby,https://ja.wikipedia.org/wiki/ダイイチルビー
ケイエスミラクル,Stutz_Blackhawk,Mr._Prospector,Sunny_Morning,レディベンドフエイジヤー,Never_Bend,Princess_Fager,88,https://umamusume.jp/character/ksmiracle,https://ja.wikipedia.org/wiki/ケイエスミラクル
メジロラモーヌ,モガミ,Lyphard,ノーラック,メジロヒリュウ,ネヴァービート,アマゾンウォリアー,89,https://umamusume.jp/character/mejiroramonu,https://ja.wikipedia.org/wiki/メジロラモーヌ
ジャングルポケット,トニービン,カンパラ,Severn_Bridge,ダンスチャーマー,Nureyev,Skillful_Joy,90,https://umamusume.jp/character/junglepocket,https://ja.wikipedia.org/wiki/ジャングルポケット
カツラギエース,ボイズィーボーイ,King's_Troop,Rising_Hope,タニノベンチヤ,ヴェンチア,アベイブリッジ,91,https://umamusume.jp/character/katsuragiace,https://ja.wikipedia.org/wiki/カツラギエース
ネオユニヴァース,サンデーサイレンス,Halo,Wishing_Well,ポインテッドパス,Kris,Silken_Way,92,https://umamusume.jp/character/neouniverse,https://ja.wikipedia.org/wiki/ネオユニヴァース
ヒシミラクル,サッカーボーイ,ディクタス,ダイナサッシュ,シュンサクヨシコ,シェイディハイツ,シュンサクレディ,93,https://umamusume.jp/character/hishimiracle,https://ja.wikipedia.org/wiki/ヒシミラクル
タップダンスシチー,Pleasant_Tap,Pleasant_Colony,Never_Knock,All_Dance,Northern_Dancer,All_Rainbows,94,https://umamusume.jp/character/tapdancecity,https://ja.wikipedia.org/wiki/タップダンスシチー
サウンズオブアース,ネオユニヴァース,サンデーサイレンス,ポインテッドパス,ファーストバイオリン,Dixieland_Band,Sunrise_Symphony,95,https://umamusume.jp/character/soundsofearth,https://ja.wikipedia.org/wiki/サウンズオブアース
ノースフライト,トニービン,カンパラ,Severn_Bridge,シヤダイフライト,ヒッティングアウェー,フォーワードフライト,96,https://umamusume.jp/character/northflight,https://ja.wikipedia.org/wiki/ノースフライト
ドゥラメンテ,キングカメハメハ,Kingmambo,マンファス,アドマイヤグルーヴ,サンデーサイレンス,エアグルーヴ,97,https://umamusume.jp/character/duramente,https://ja.wikipedia.org/wiki/ドゥラメンテ
ヴィルシーナ,ディープインパクト,サンデーサイレンス,ウインドインハーヘア,ハルーワスウィート,Machiavellian,ハルーワソング,98,https://umamusume.jp/character/verxina,https://ja.wikipedia.org/wiki/ヴィルシーナ
ヴィブロス,ディープインパクト,サンデーサイレンス,ウインドインハーヘア,ハルーワスウィート,Machiavellian,ハルーワソング,99,https://umamusume.jp/character/vivlos,https://ja.wikipedia.org/wiki/ヴィブロス
サムソンビッグ,サクラショウリ,パーソロン,シリネラ,シユンイチオーカン,フロリバンダ,フジカワ,100,https://umamusume.jp/character/samsonbig,https://ja.wikipedia.org/wiki/サムソンビッグ
ロイスアンドロイス,トニービン,カンパラ,Severn_Bridge,ザツツマイパル,Key_to_the_Mint,Beautiful_Memory,101,https://umamusume.jp/character/royceandroyce,https://ja.wikipedia.org/wiki/ロイスアンドロイス
シーザリオ,スペシャルウィーク,サンデーサイレンス,キャンペンガール,キロフプリミエール,Sadler's_Wells,Querida,102,https://umamusume.jp/character/cesario,https://ja.wikipedia.org/wiki/シーザリオ
ラインクラフト,エンドスウィープ,フォーティナイナー,Broom_Dance,マストビーラヴド,サンデーサイレンス,ダイナシュート,103,https://umamusume.jp/character/rheinkraft,https://ja.wikipedia.org/wiki/ラインクラフト
エアメサイア,サンデーサイレンス,Halo,Wishing_Well,エアデジャヴー,ノーザンテースト,アイドリームドアドリーム,104,https://umamusume.jp/character/airmessiah,https://ja.wikipedia.org/wiki/エアメサイア
デアリングハート,サンデーサイレンス,Halo,Wishing_Well,デアリングダンジグ,Danzig,Impetuous_Gal,105,https://umamusume.jp/character/daringheart,https://ja.wikipedia.org/wiki/デアリングハート
フリオーソ,ブライアンズタイム,Roberto,Kelley's_Day,ファーザ,Mr._Prospector,Baya,106,https://umamusume.jp/character/furioso,https://ja.wikipedia.org/wiki/フリオーソ
トランセンド,ワイルドラッシュ,Wild_Again,Rose_Park,シネマスコープ,トニービン,ブルーハワイ,107,https://umamusume.jp/character/transcend,https://ja.wikipedia.org/wiki/トランセンド
エスポワールシチー,ゴールドアリュール,サンデーサイレンス,ニキーヤ,エミネントシチー,ブライアンズタイム,ヘップバーンシチー,108,https://umamusume.jp/character/espoircity,https://ja.wikipedia.org/wiki/エスポワールシチー
ダンツフレーム,ブライアンズタイム,Roberto,Kelley's_Day,インターピレネー,サンキリコ,モンテマリア,109,https://umamusume.jp/character/dantsuflame,https://ja.wikipedia.org/wiki/ダンツフレーム
ノーリーズン,ブライアンズタイム,Roberto,Kelley's_Day,アンブロジン,Mr._Prospector,バラダ,110,https://umamusume.jp/character/noreason,https://ja.wikipedia.org/wiki/ノーリーズン
スティルインラブ,サンデーサイレンス,Halo,Wishing_Well,ブラダマンテ,Roberto,Sulemeif,111,https://umamusume.jp/character/stillinlove,https://ja.wikipedia.org/wiki/スティルインラブ
オルフェーヴル,ステイゴールド,サンデーサイレンス,ゴールデンサッシュ,オリエンタルアート,メジロマックイーン,エレクトロアート,112,https://umamusume.jp/character/orfevre,https://ja.wikipedia.org/wiki/オルフェーヴル
ジェンティルドンナ,ディープインパクト,サンデーサイレンス,ウインドインハーヘア,ドナブリーニ,Bertolini,Cal_Norma's_Lady,113,https://umamusume.jp/character/gentildonna,https://ja.wikipedia.org/wiki/ジェンティルドンナ
ウインバリアシオン,ハーツクライ,サンデーサイレンス,アイリッシュダンス,スーパーバレリーナ,Storm_Bird,カウントオンアチェンジ,114,https://umamusume.jp/character/winvariation,https://ja.wikipedia.org/wiki/ウインバリアシオン
ドリームジャーニー,ステイゴールド,サンデーサイレンス,ゴールデンサッシュ,オリエンタルアート,メジロマックイーン,エレクトロアート,115,https://umamusume.jp/character/dreamjourney,https://ja.wikipedia.org/wiki/ドリームジャーニー
ブエナビスタ,スペシャルウィーク,サンデーサイレンス,キャンペンガール,ビワハイジ,Caerleon,アグサン,116,https://umamusume.jp/character/buenavista,https://ja.wikipedia.org/wiki/ブエナビスタ
ビリーヴ,サンデーサイレンス,Halo,Wishing_Well,グレートクリスティーヌ,Danzig,Great_Lady_M.,117,https://umamusume.jp/character/believe,https://ja.wikipedia.org/wiki/ビリーヴ
カルストンライトオ,ウォーニング,Known_Fact,Slightly_Dangerous,オオシマルチア,クリスタルグリッターズ,オオシマスズラン,118,https://umamusume.jp/character/calstonelighto,https://ja.wikipedia.org/wiki/カルストンライトオ
デュランダル,サンデーサイレンス,Halo,Wishing_Well,サワヤカプリンセス,ノーザンテースト,スコッチプリンセス,119,https://umamusume.jp/character/durandal,https://ja.wikipedia.org/wiki/デュランダル
バブルガムフェロー,サンデーサイレンス,Halo,Wishing_Well,バブルカンパニー,Lyphard,Prodice,120,https://umamusume.jp/character/bubblegumfellow,https://ja.wikipedia.org/wiki/バブルガムフェロー
フサイチパンドラ,サンデーサイレンス,Halo,Wishing_Well,ロッタレース,Nureyev,Sex_Appeal,121,https://umamusume.jp/character/fusaichipandora,https://ja.wikipedia.org/wiki/フサイチパンドラ
ブラストワンピース,ハービンジャー,Dansili,Penang_Pearl,ツルマルワンピース,キングカメハメハ,ツルマルグラマー,122,https://umamusume.jp/character/blastonepiece,https://ja.wikipedia.org/wiki/ブラストワンピース
サクラチトセオー,トニービン,カンパラ,Severn_Bridge,サクラクレアー,ノーザンテースト,クレアーブリッジ,123,https://umamusume.jp/character/sakurachitoseo,https://ja.wikipedia.org/wiki/サクラチトセオー
シュガーライツ,,,,,,,,,https://ja.wikipedia.org/wiki/シュガーライツ
ソノンエルフィー,,,,,,,,,https://ja.wikipedia.org/wiki/ソノンエルフィー
ダーレーアラビアン,,,,,,,,,https://ja.wikipedia.org/wiki/ダーレーアラビアン
ハッピーミーク,,,,,,,,,https://ja.wikipedia.org/wiki/ハッピーミーク
バイアリーターク,,,,,,,,,https://ja.wikipedia.org/wiki/バイアリーターク
ゴドルフィンバルブ,,,,,,,,,https://ja.wikipedia.org/wiki/%E3%82%B4%E3%83%89%E3%83%AB%E3%83%95%E3%82%A3%E3%83%B3%E3%82%A2%E3%83%A9%E3%83%93%E3%82%A2%E3%83%B3
ビターグラッセ,,,,,,,,,https://ja.wikipedia.org/wiki/ビターグラッセ
ライトハロー,,,,,,,,,https://ja.wikipedia.org/wiki/ライトハロー
リガントーナ,,,,,,,,,https://ja.wikipedia.org/wiki/リガントーナ
リトルココン,,,,,,,,,https://ja.wikipedia.org/wiki/リトルココン
ヴェニュスパーク,,,,,,,,,https://ja.wikipedia.org/wiki/ヴェニュスパーク
Flaming_Page,Bull_Page,Bull_Lea,Our_Page,Flaring_Top,Menow,Flaming_Top,,,https://ja.wikipedia.org/wiki/フレーミングページ
Our_Page,Blue_Larkspur,Black_Servant,Blossom_Time,Occult,Dis_Donc,Bonnie_Witch,,,https://ja.wikipedia.org/wiki/Our_Page
Northern_Dancer,Nearctic,Nearco,Lady_Angela,Natalma,Native_Dancer,Almahmoud,,,https://ja.wikipedia.org/wiki/%E3%83%8E%E3%83%BC%E3%82%B6%E3%83%B3%E3%83%80%E3%83%B3%E3%82%B5%E3%83%BC
Nearco,Pharos,Phalaris,Scapa_Flow,Nogara,Havresac,Catnip,,,https://ja.wikipedia.org/wiki/%E3%83%8D%E3%82%A2%E3%83%AB%E3%82%B3
Phalaris,Polymelus,Cyllene,Maid_Marian,Bromus,Sainfoin,Cheery,,,https://ja.wikipedia.org/wiki/%E3%83%95%E3%82%A1%E3%83%A9%E3%83%AA%E3%82%B9_(%E7%AB%B6%E8%B5%B0%E9%A6%AC)
Cyllene,Bona_Vista,Bend_Or,Vista,Arcadia,Isonomy,Distant_Shore,,,https://ja.wikipedia.org/wiki/%E3%82%B5%E3%82%A4%E3%83%AA%E3%83%BC%E3%83%B3_(%E7%AB%B6%E8%B5%B0%E9%A6%AC)
Bend_Or,Doncaster,Stockwell,Marigold,Rouge_Rose,Thormanby,Ellen_Horne,,,https://ja.wikipedia.org/wiki/%E3%83%99%E3%83%B3%E3%83%89%E3%82%A2
Stockwell,The_Baron,Birdcatcher,Echidna,Pocahontas,Glencoe,Marpessa,,,https://ja.wikipedia.org/wiki/%E3%82%B9%E3%83%88%E3%83%83%E3%82%AF%E3%82%A6%E3%82%A7%E3%83%AB_(%E7%AB%B6%E8%B5%B0%E9%A6%AC)
Birdcatcher,Sir_Hercules,Whalebone,Peri,Guiccioli,Bob_Booty,Flight,,,https://ja.wikipedia.org/wiki/%E3%83%90%E3%83%BC%E3%83%89%E3%82%AD%E3%83%A3%E3%83%83%E3%83%81%E3%83%A3%E3%83%BC
Whalebone,Waxy,Pot-8-Os,Maria_III,Penelope,Trumpator,Prunella,,,https://ja.wikipedia.org/wiki/%E3%83%9B%E3%82%A8%E3%83%BC%E3%83%AB%E3%83%9C%E3%83%BC%E3%83%B3
サンデーサイレンス,Halo,Hail_to_Reason,Cosmah,Wishing_Well,Understanding,Mountain_Flower,,,https://ja.wikipedia.org/wiki/サンデーサイレンス
Hail_to_Reason,Turn-to,Royal_Charger,Source_Sucree,Nothirdchance,Blue_Swords,Galla_Colors,,,https://ja.wikipedia.org/wiki/%E3%83%98%E3%82%A4%E3%83%AB%E3%83%88%E3%82%A5%E3%83%AA%E3%83%BC%E3%82%BA%E3%83%B3
Royal_Charger,Nearco,Pharos,Nogara,Sun_Princess,Solario,Mumtaz_Begum,,,https://ja.wikipedia.org/wiki/%E3%83%AD%E3%82%A4%E3%83%A4%E3%83%AB%E3%83%81%E3%83%A3%E3%83%BC%E3%82%B8%E3%83%A3%E3%83%BC
Pharos,Phalaris,Polymelus,Bromus,Scapa_Flow,Chaucer,Anchora,,,https://ja.wikipedia.org/wiki/%E3%83%95%E3%82%A1%E3%83%AD%E3%82%B9_(%E7%AB%B6%E8%B5%B0%E9%A6%AC)
Polymelus,Cyllene,Bona_Vista,Arcadia,Maid_Marian,Hampton,Quiver,,,https://ja.wikipedia.org/wiki/%E3%83%9D%E3%83%AA%E3%83%A1%E3%83%A9%E3%82%B9
Bona_Vista,Bend_Or,Doncaster,Rouge_Rose,Vista,Macaroni,Verdure,,,https://ja.wikipedia.org/wiki/%E3%83%9C%E3%83%8A%E3%83%B4%E3%82%A3%E3%82%B9%E3%82%BF
Doncaster,Stockwell,The_Baron,Pocahontas,Marigold,Teddington,Ratan_Mare,,,https://ja.wikipedia.org/wiki/%E3%83%89%E3%83%B3%E3%82%AB%E3%82%B9%E3%82%BF%E3%83%BC_(%E7%AB%B6%E8%B5%B0%E9%A6%AC)
The_Baron,Birdcatcher,Sir_Hercules,Guiccioli,Echidna,Economist,Miss_Pratt,,,https://ja.wikipedia.org/wiki/%E3%82%B6%E3%83%90%E3%83%AD%E3%83%B3
Sir_Hercules,Whalebone,Waxy,Penelope,Peri,Wanderer,Thalestris,,,https://ja.wikipedia.org/wiki/Sir_Hercules
Waxy,Pot-8-Os,Eclipse,Sportsmistress,Maria_III,Herod,Lisette,,,https://ja.wikipedia.org/wiki/Waxy
Eclipse,Marske,Squirt,Hutton's_Blacklegs_Mare,Spilletta,Regulus,Mother_Western,,,https://ja.wikipedia.org/wiki/%E3%82%A8%E3%82%AF%E3%83%AA%E3%83%97%E3%82%B9_(%E7%AB%B6%E8%B5%B0%E9%A6%AC)
Squirt,Bartlet's_Childers,ダーレーアラビアン,Betty_Leedes,Snake_Mare,Snake,Grey_Wilkes,,,https://ja.wikipedia.org/wiki/%E3%82%B9%E3%82%AF%E3%83%AF%E3%83%BC%E3%83%88_(%E7%AB%B6%E8%B5%B0%E9%A6%AC)
メジロアサマ,パーソロン,Milesian,Paleo,スヰート,First_Fiddle,Blue_Eyed_Momo,,,https://ja.wikipedia.org/wiki/%E3%82%B5%E3%83%BC%E3%83%8F%E3%83%BC%E3%82%AD%E3%83%A5%E3%83%AA%E3%83%BC%E3%82%BA
Halo,Hail_to_Reason,Turn-to,Nothirdchance,Cosmah,Cosmic_Bomb,Almahmoud,,,https://ja.wikipedia.org/wiki/%E3%83%98%E3%82%A4%E3%83%AD%E3%83%BC_(%E7%AB%B6%E8%B5%B0%E9%A6%AC)
Turn-to,Royal_Charger,Nearco,Sun_Princess,Source_Sucree,Admiral_Drake,Lavendula,,,https://ja.wikipedia.org/wiki/%E3%82%BF%E3%83%BC%E3%83%B3%E3%83%88%E3%82%A5
Pot-8-Os,Eclipse,Marske,Spilletta,Sportsmistress,Sportsman,Golden_Locks,,,https://ja.wikipedia.org/wiki/%E3%83%9D%E3%83%86%E3%82%A4%E3%83%88%E3%83%BC%E3%82%BA
Marske,Squirt,Bartlet's_Childers,Snake_Mare,Hutton's_Blacklegs_Mare,Hutton's_Blacklegs,Bay_Bolton_Mare,,,https://ja.wikipedia.org/wiki/%E3%83%9E%E3%83%BC%E3%82%B9%E3%82%AF
Snake_Mare,Snake,Lister_Turk,Hautboy_Mare,Grey_Wilkes,Hautboy,Miss_Darcys_Pet_Mare,,,https://ja.wikipedia.org/wiki/Snake_Mare
Bartlet's_Childers,ダーレーアラビアン,,,Betty_Leedes,,,,,https://ja.wikipedia.org/wiki/%E3%83%90%E3%83%BC%E3%83%88%E3%83%AC%E3%83%83%E3%83%88%E3%83%81%E3%83%AB%E3%83%80%E3%83%BC%E3%82%BA
ブライアンズタイム,Roberto,Hail_to_Reason,Bramalea,Kelley's_Day,Graustark,Golden_Trail,,,https://ja.wikipedia.org/wiki/%E3%83%96%E3%83%A9%E3%82%A4%E3%82%A2%E3%83%B3%E3%82%BA%E3%82%BF%E3%82%A4%E3%83%A0
Caro,フォルティノ,Grey_Sovereign,Ranavalo,Chambord,Chamossaire,Life_Hill,,,https://ja.wikipedia.org/wiki/%E3%82%AB%E3%83%AD_(%E7%AB%B6%E8%B5%B0%E9%A6%AC)
Grey_Sovereign,Nasrullah,Nearco,Mumtaz_Begum,Kong,Baytown,Clang,,,https://ja.wikipedia.org/wiki/%E3%82%B0%E3%83%AC%E3%82%A4%E3%82%BD%E3%83%B4%E3%83%AA%E3%83%B3
Herbager,Vandale,Plassy,Vanille,Flagette,Escamillo,Fidgette,,,https://ja.wikipedia.org/wiki/%E3%82%A8%E3%83%AB%E3%83%90%E3%82%B8%E3%82%A7_(%E7%AB%B6%E8%B5%B0%E9%A6%AC)
Plassy,Bosworth,Son-in-Law,Serenissima,Pladda,Phalaris,Rothesay_Bay,,,https://ja.wikipedia.org/wiki/Plassy
Son-in-Law,Dark_Ronald,Bay_Ronald,Darkie,Mother_in_Law,Matchmaker,Be_Cannie,,,https://ja.wikipedia.org/wiki/%E3%82%B5%E3%83%B3%E3%82%A4%E3%83%B3%E3%83%AD%E3%83%BC
Bay_Ronald,Hampton,Lord_Clifden,Lady_Langden,Black_Duchess,Galliard,Black_Corrie,,,https://ja.wikipedia.org/wiki/%E3%83%99%E3%82%A4%E3%83%AD%E3%83%8A%E3%83%AB%E3%83%89
Lord_Clifden,Newminster,Touchstone,Beeswing,The_Slave,Melbourne,Volley,,,https://ja.wikipedia.org/wiki/%E3%83%AD%E3%83%BC%E3%83%89%E3%82%AF%E3%83%AA%E3%83%95%E3%83%87%E3%83%B3
Touchstone,Camel,Whalebone,Selim_Mare,Banter,Master_Henry,Boadicea,,,https://ja.wikipedia.org/wiki/%E3%82%BF%E3%83%83%E3%83%81%E3%82%B9%E3%83%88%E3%83%B3
Mill_Reef,Never_Bend,Nasrullah,Lalun,Milan_Mill,Princequillo,Virginia_Water,,,https://ja.wikipedia.org/wiki/%E3%83%9F%E3%83%AB%E3%83%AA%E3%83%BC%E3%83%95
Nasrullah,Nearco,Pharos,Nogara,Mumtaz_Begum,Blenheim,Mumtaz_Mahal,,,https://ja.wikipedia.org/wiki/%E3%83%8A%E3%82%B9%E3%83%AB%E3%83%BC%E3%83%A9
パーソロン,Milesian,My_Babu,Oatflake,Paleo,Pharis,Calonice,,,https://ja.wikipedia.org/wiki/パーソロン
My_Babu,Djebel,Tourbillon,Loika,Perfume,Badruddin,Lavendula,,,https://ja.wikipedia.org/wiki/%E3%83%9E%E3%82%A4%E3%83%90%E3%83%96%E3%83%BC
Tourbillon,Ksar,Bruleur,Kizil_Kourgan,Durban,Durbar,Banshee,,,https://ja.wikipedia.org/wiki/%E3%83%88%E3%82%A6%E3%83%AB%E3%83%93%E3%83%A8%E3%83%B3_(%E7%AB%B6%E8%B5%B0%E9%A6%AC)
Bruleur,Chouberski,Gardefeu,Campanule,Basse_Terre,Omnium,Bijou,,,https://ja.wikipedia.org/wiki/Bruleur
Gardefeu,Cambyse,Androcles,Cambuse,Bougie,Bruce,La_Lumiere,,,https://ja.wikipedia.org/wiki/Gardefeu
Androcles,Dollar,The_Flying_Dutchman,Payment,Alabama,Serious,Admiralty,,,https://ja.wikipedia.org/wiki/Androcles
The_Flying_Dutchman,Bay_Middleton,Sultan,Cobweb,Barbelle,Sandbeck,Darioletta,,,https://ja.wikipedia.org/wiki/%E3%82%B6%E3%83%95%E3%83%A9%E3%82%A4%E3%83%B3%E3%82%B0%E3%83%80%E3%83%83%E3%83%81%E3%83%9E%E3%83%B3
Sultan,Selim,Buzzard,Alexander_Mare,Bacchante,Williamson's_Ditto,Mercury_Mare,,,https://ja.wikipedia.org/wiki/%E3%82%B5%E3%83%AB%E3%82%BF%E3%83%B3_(%E7%AB%B6%E8%B5%B0%E9%A6%AC)
Buzzard,Woodpecker,Herod,Miss_Ramsden,Misfortune,Dux,Curiosity,,,https://ja.wikipedia.org/wiki/%E3%83%90%E3%82%B6%E3%83%BC%E3%83%89
Herod,Tartar,Croft's_Partner,Meliora,Cypron,Blaze,Salome,,,https://ja.wikipedia.org/wiki/%E3%83%98%E3%83%AD%E3%83%89_(%E7%AB%B6%E8%B5%B0%E9%A6%AC)
Croft's_Partner,Jigg,バイアリーターク,Spanker_Mare,Sister_One_to_Mixbury,Curwen_Bay_Barb,Curwen_Spot_Mare,,,https://ja.wikipedia.org/wiki/%E3%83%91%E3%83%BC%E3%83%88%E3%83%8A%E3%83%BC_(%E7%AB%B6%E8%B5%B0%E9%A6%AC)
Known_Fact,In_Reality,Intentionally,My_Dear_Girl,Tamerett,Tim_Tam,Mixed_Marriage,,,https://ja.wikipedia.org/wiki/%E3%83%8E%E3%82%A6%E3%83%B3%E3%83%95%E3%82%A1%E3%82%AF%E3%83%88
Intentionally,Intent,War_Relic,Liz_F.,My_Recipe,Discovery,Perlette,,,https://ja.wikipedia.org/wiki/%E3%82%A4%E3%83%B3%E3%83%86%E3%83%B3%E3%82%B7%E3%83%A7%E3%83%8A%E3%83%AA%E3%83%BC
War_Relic,Man_o'War,Fair_Play,Mahubah,Friar's_Carse,Friar_Rock,Problem,,,https://ja.wikipedia.org/wiki/%E3%82%A6%E3%82%A9%E3%83%BC%E3%83%AC%E3%83%AA%E3%83%83%E3%82%AF
Fair_Play,Hastings,Spendthrift,Cinderella,Fairy_Gold,Bend_Or,Dame_Masham,,,https://ja.wikipedia.org/wiki/%E3%83%95%E3%82%A7%E3%82%A2%E3%83%97%E3%83%AC%E3%82%A4_(%E7%AB%B6%E8%B5%B0%E9%A6%AC)
Spendthrift,Australian,West_Australian,Emilia,Aerolite,Lexington,Florine,,,https://ja.wikipedia.org/wiki/%E3%82%B9%E3%83%9A%E3%83%B3%E3%83%89%E3%82%B9%E3%83%AA%E3%83%95%E3%83%88
West_Australian,Melbourne,Humphrey_Clinker,Cervantes_Mare,Mowerina,Touchstone,Emma,,,https://ja.wikipedia.org/wiki/%E3%82%A6%E3%82%A7%E3%82%B9%E3%83%88%E3%82%AA%E3%83%BC%E3%82%B9%E3%83%88%E3%83%A9%E3%83%AA%E3%82%A2%E3%83%B3_(%E7%AB%B6%E8%B5%B0%E9%A6%AC)
Humphrey_Clinker,Comus,Sorcerer,Houghton_Lass,Clinkerina,Clinker,Pewet,,,https://ja.wikipedia.org/wiki/Humphrey_Clinker
Sorcerer,Trumpator,Conductor,Brunette,Young_Giantess,Diomed,Giantess,,,https://ja.wikipedia.org/wiki/%E3%82%BD%E3%83%BC%E3%82%B5%E3%83%A9%E3%83%BC_(%E7%AB%B6%E8%B5%B0%E9%A6%AC)
Conductor,Matchem,Cade,Partner_Mare,Snap_Mare,Snap,Diana,,,https://ja.wikipedia.org/wiki/%E3%82%B3%E3%83%B3%E3%83%80%E3%82%AF%E3%82%BF%E3%83%BC_(%E7%AB%B6%E8%B5%B0%E9%A6%AC)
Cade,ゴドルフィンバルブ,,,Roxana,,,,,https://ja.wikipedia.org/wiki/%E3%82%B1%E3%83%BC%E3%83%89
Nureyev,Northern_Dancer,Nearctic,Natalma,Special,Forli,Thong,,,https://ja.wikipedia.org/wiki/%E3%83%8C%E3%83%AC%E3%82%A4%E3%82%A8%E3%83%95
Green_Dancer,Nijinsky,Northern_Dancer,Flaming_Page,Green_Valley,Val_de_Loir,Sly_Pola,,,https://ja.wikipedia.org/wiki/%E3%82%B0%E3%83%AA%E3%83%BC%E3%83%B3%E3%83%80%E3%83%B3%E3%82%B5%E3%83%BC
Topsider,Northern_Dancer,Nearctic,Natalma,Drumtop,Round_Table,Zonah,,,https://ja.wikipedia.org/wiki/Topsider
Riverman,Never_Bend,Nasrullah,Lalun,River_Lady,Prince_John,Nile_Lily,,,https://ja.wikipedia.org/wiki/%E3%83%AA%E3%83%B4%E3%82%A1%E3%83%BC%E3%83%9E%E3%83%B3
リィフォー,Lyphard,Northern_Dancer,Goofed,Klaizia,Sing_Sing,Klainia,,,https://ja.wikipedia.org/wiki/リィフォー
Grey_Dawn,Herbager,Vandale,Flagette,Polamia,Mahmoud,Ampola,,,https://ja.wikipedia.org/wiki/Grey_Dawn
Vandale,Plassy,Bosworth,Pladda,Vanille,La_Farina,Vaya,,,https://ja.wikipedia.org/wiki/Vandale
King's_Troop,Princely_Gift,Nasrullah,Blue_Gem,Equiria,Atout_Maitre,Epona,,,https://ja.wikipedia.org/wiki/King's_Troop
ポツセ,Forli,Aristophanes,Trevisa,In_Hot_Pursuit,Bold_Ruler,Lady_Be_Good,,,https://ja.wikipedia.org/wiki/ポツセ
Aristophanes,Hyperion,Gainsborough,Selene,Commotion,Mieuxce,Riot,,,https://ja.wikipedia.org/wiki/Aristophanes
Gainsborough,Bayardo,Bay_Ronald,Galicia,Rosedrop,St._Frusquin,Rosaline,,,https://ja.wikipedia.org/wiki/Gainsborough
Mr._Prospector,Raise_a_Native,Native_Dancer,Raise_You,Gold_Digger,Nashua,Sequence,,,https://ja.wikipedia.org/wiki/Mr._Prospector
Native_Dancer,Polynesian,Unbreakable,Black_Polly,Geisha,Discovery,Miyako,,,https://ja.wikipedia.org/wiki/Native_Dancer
Unbreakable,Sickle,Phalaris,Selene,Blue_Glass,Prince_Palatine,Hour_Glass,,,https://ja.wikipedia.org/wiki/Unbreakable
Sadler's_Wells,Northern_Dancer,Nearctic,Natalma,Fairy_Bridge,Bold_Reason,Special,,,https://ja.wikipedia.org/wiki/Sadler's_Wells
カンパラ,Kalamoun,ゼダーン,Khairunissa,State_Pension,オンリーフォアライフ,Lorelei,,,https://ja.wikipedia.org/wiki/カンパラ
ゼダーン,Grey_Sovereign,Nasrullah,Kong,Vareta,Vilmorin,Veronique,,,https://ja.wikipedia.org/wiki/ゼダーン
テスコボーイ,Princely_Gift,Nasrullah,Blue_Gem,Suncourt,Hyperion,Inquisition,,,https://ja.wikipedia.org/wiki/テスコボーイ
フレンチデピュティ,Deputy_Minister,Vice_Regent,Mint_Copy,Mitterand,Hold_Your_Peace,Laredo_Lass,,,https://ja.wikipedia.org/wiki/フレンチデピュティ
フォーティナイナー,Mr._Prospector,Raise_a_Native,Gold_Digger,File,Tom_Rolfe,ConTinue,,,https://ja.wikipedia.org/wiki/フォーティナイナー
Majestic_Prince,Raise_a_Native,Native_Dancer,Raise_You,Gay_Hostess,Royal_Charger,Your_Hostess,,,https://ja.wikipedia.org/wiki/Majestic_Prince
Vice_Regent,Northern_Dancer,Nearctic,Natalma,Victoria_Regina,Menetrier,Victoriana,,,https://ja.wikipedia.org/wiki/Vice_Regent
Blushing_Groom,Red_God,Nasrullah,Spring_Run,Runaway_Bride,Wild_Risk,Aimee,,,https://ja.wikipedia.org/wiki/Blushing_Groom
ラストタイクーン,トライマイベスト,Northern_Dancer,Sex_Appeal,Mill_Princess,Mill_Reef,Irish_Lass,,,https://ja.wikipedia.org/wiki/ラストタイクーン
Sanctus,Fine_Top,Fine_Art,TOUPIE,Sanelta,Tourment,Satanella,,,https://ja.wikipedia.org/wiki/Sanctus
Fine_Art,Artist's_Proof,Gainsborough,Clear_Evidence,Finnoise,Finglas,Unfortunate,,,https://ja.wikipedia.org/wiki/Fine_Art
メジロサンマン,Charlottesville,Prince_Chevalier,Noorani,パラデイシア,Aureole,Chenille,,,https://ja.wikipedia.org/wiki/メジロサンマン
Prince_Chevalier,Prince_Rose,Rose_Prince,Indolence,Chevalerie,Abbot's_Speed,Kassala,,,https://ja.wikipedia.org/wiki/Prince_Chevalier
Rose_Prince,Prince_Palatine,Persimmon,Lady_Lightfoot,Eglantine,Perth,Rose_de_Mai,,,https://ja.wikipedia.org/wiki/Rose_Prince
Persimmon,St._Simon,Galopin,St._Angela,Perdita,Hampton,Hermione,,,https://ja.wikipedia.org/wiki/Persimmon
Galopin,Vedette,Voltigeur,Mrs._Ridgway,Flying_Duchess,The_Flying_Dutchman,Merope,,,https://ja.wikipedia.org/wiki/Galopin
Voltigeur,Voltaire,Blacklock,Phantom_Mare,Martha_Lynn,Mulatto,Leda,,,https://ja.wikipedia.org/wiki/Voltigeur
Blacklock,Whitelock,Hambletonian,Rosalind,Coriander_Mare,Coriander,Wildgoose,,,https://ja.wikipedia.org/wiki/Blacklock
Hambletonian,King_Fergus,Eclipse,Polly,Grey_Highflyer,Highflyer,Monimia,,,https://ja.wikipedia.org/wiki/Hambletonian
ダンディルート,Luthier,Klairon,Flute_Enchantee,Dentrelic,Prudent,Relict,,,https://ja.wikipedia.org/wiki/ダンディルート
Klairon,Clarion,Djebel,Columba,Kalmia,Kantar,Sweet_Lavender,,,https://ja.wikipedia.org/wiki/Klairon
スティールハート,Habitat,Sir_Gaylord,Little_Hut,A._1.,Abernant,Asti_Spumante,,,https://ja.wikipedia.org/wiki/スティールハート
Sir_Gaylord,Turn-to,Royal_Charger,Source_Sucree,Somethingroyal,Princequillo,Imperatrice,,,https://ja.wikipedia.org/wiki/Sir_Gaylord
Cozzene,Caro,フォルティノ,Chambord,Ride_the_Trails,Prince_John,Wildwook,,,https://ja.wikipedia.org/wiki/Cozzene
Summer_Squall,Storm_Bird,Northern_Dancer,South_Ocean,Weekend_Surprise,Secretariat,Lassie_Dear,,,https://ja.wikipedia.org/wiki/Summer_Squall
Pleasant_Colony,His_Majesty,Ribot,Flower_Bowl,Sun_Colony,Sunrise_Flight,Colonia,,,https://ja.wikipedia.org/wiki/Pleasant_Colony
Ribot,Tenerani,Bellini,Tofanella,Romanella,El_Greco,Barbara_Burrini,,,https://ja.wikipedia.org/wiki/Ribot
Bellini,Cavaliere_d'Arpino,Havresac,Chuette,Bella_Minna,Bachelor's_Double,Santa_Minna,,,https://ja.wikipedia.org/wiki/Bellini
Havresac,Rabelais,St._Simon,Satirical,Hors_Concours,Ajax,Simona,,,https://ja.wikipedia.org/wiki/Havresac
Wild_Again,Icecapade,Nearctic,Shenanigans,Bushel-n-Peck,Khaled,Dama,,,https://ja.wikipedia.org/wiki/Wild_Again
Dansili,デインヒル,Danzig,Razyana,Hasili,Kahyasi,Kerali,,,https://ja.wikipedia.org/wiki/Dansili
トキノミノル,セフト,Tetratema,Voleuse,第弐タイランツクヰーン,Soldennis,タイランツクヰーン,,,https://ja.wikipedia.org/wiki/トキノミノル
Tetratema,The_Tetrarch,Roi_Herode,Vahren,Scotch_Gift,Symington,Maund,,,https://ja.wikipedia.org/wiki/Tetratema
Roi_Herode,Le_Samaritain,Le_Sancy,Clementina,Roxelane,War_Dance,Rose_of_York,,,https://ja.wikipedia.org/wiki/Roi_Herode
Le_Sancy,Atlantic,Thormanby,Hurricane,Gem_of_Gems,Strathconan,Poinsettia,,,https://ja.wikipedia.org/wiki/Le_Sancy
Thormanby,Windhound,Pantaloon,Phryne,Alice_Hawthorn,Muley_Moloch,Rebecca,,,https://ja.wikipedia.org/wiki/Thormanby
Pantaloon,Castrel,Buzzard,Alexander_Mare,Idalia,Peruvian,Musidora,,,https://ja.wikipedia.org/wiki/Pantaloon
Regulus,ゴドルフィンバルブ,,,Grey_Robinson,Bald_Galloway,Snake_Mare,,,
